ts,open,high,low,close,volume,trade_count,vwap
2026-09-10T08:00:00+00:00,715.68,717.52,715.58,715.72,8313,460,716.172944
2026-09-10T08:01:00+00:00,715.78,717.6,715.6,715.9,93658,1249,716.645732
2026-09-10T08:02:00+00:00,716.24,716.5,716.21,716.42,1885,33,716.356032
2026-09-10T08:03:00+00:00,716.42,716.44,716.14,716.14,4485,40,716.349879
2026-09-10T08:05:00+00:00,716.22,716.24,716.22,716.24,738,14,716.229398
2026-09-10T08:06:00+00:00,717.1,717.17,716.08,716.17,2233,34,716.274477
2026-09-10T08:07:00+00:00,716.12,716.21,716.07,716.13,478,13,716.108599
2026-09-10T08:08:00+00:00,716.22,716.465,716.22,716.4549,990,20,716.275377
2026-09-10T08:09:00+00:00,716.22,716.22,716.2,716.2,617,8,716.203444
2026-09-10T08:10:00+00:00,716.2,716.33,716.2,716.33,680,16,716.239394
2026-09-10T08:11:00+00:00,716.19,716.19,716.19,716.19,122,11,716.19
2026-09-10T08:12:00+00:00,716.18,716.18,716.18,716.18,147,5,716.18
2026-09-10T08:14:00+00:00,716,716,715.87,715.87,1214,30,715.990251
2026-09-10T08:15:00+00:00,715.9,715.9,715.79,715.8,620,15,715.832756
2026-09-10T08:16:00+00:00,715.83,715.83,715.83,715.83,634,7,715.83
2026-09-10T08:17:00+00:00,715.82,715.83,715.78,715.78,811,18,715.815819
2026-09-10T08:18:00+00:00,715.76,715.78,715.67,715.78,682,18,715.724286
2026-09-10T08:19:00+00:00,715.85,715.94,715.81,715.93,962,19,715.920826
2026-09-10T08:20:00+00:00,716,716.16,716,716.14,804,16,716.042907
2026-09-10T08:21:00+00:00,715.98,716.13,715.91,716.13,987,22,716.057732
2026-09-10T08:22:00+00:00,716.25,716.25,716.25,716.25,516,10,716.25
2026-09-10T08:23:00+00:00,716.29,716.29,716.29,716.29,316,7,716.29
2026-09-10T08:26:00+00:00,716.25,716.25,716.25,716.25,94,9,716.25
2026-09-10T08:29:00+00:00,716.18,716.25,716.05,716.25,1616,18,716.186211
2026-09-10T08:30:00+00:00,716.34,716.37,716.34,716.37,224,11,716.36
2026-09-10T08:33:00+00:00,716,716,715.88,715.88,866,20,715.960949
2026-09-10T08:34:00+00:00,715.8,715.8,715.8,715.8,206,4,715.8
2026-09-10T08:35:00+00:00,715.8,716,715.78,716,814,13,715.8925
2026-09-10T08:37:00+00:00,716.15,716.15,716.15,716.15,204,9,716.15
2026-09-10T08:38:00+00:00,716,716,715.95,715.95,253,9,715.966667
2026-09-10T08:39:00+00:00,715.89,716.0674,715.89,716.045,761,12,715.981225
2026-09-10T08:40:00+00:00,716.0675,716.0675,716.03,716.03,700,6,716.039075
2026-09-10T08:41:00+00:00,716,716,715.91,715.91,392,13,715.971176
2026-09-10T08:42:00+00:00,715.8,715.82,715.6,715.62,3044,53,715.707922
2026-09-10T08:43:00+00:00,715.55,715.55,715.47,715.54,1038,24,715.51518
2026-09-10T08:44:00+00:00,715.52,715.52,715.47,715.47,1314,18,715.505563
2026-09-10T08:45:00+00:00,715.59,715.59,715.59,715.59,88,7,715.59
2026-09-10T08:46:00+00:00,715.52,715.68,715.52,715.68,623,18,715.599791
2026-09-10T08:48:00+00:00,715.6,715.6,715.46,715.46,274,18,715.5
2026-09-10T08:49:00+00:00,715.45,715.45,715.45,715.45,337,11,715.45
2026-09-10T08:50:00+00:00,715.43,715.43,715.27,715.3,865,18,715.351173
2026-09-10T08:51:00+00:00,715.33,715.38,715.33,715.38,256,9,715.371111
2026-09-10T08:52:00+00:00,715.39,715.42,715.39,715.42,157,9,715.405
2026-09-10T08:53:00+00:00,715.45,715.45,715.45,715.45,164,6,715.45
2026-09-10T08:54:00+00:00,715.39,715.48,715.39,715.48,451,8,715.415714
2026-09-10T08:55:00+00:00,715.38,715.38,715.38,715.38,305,6,715.38
2026-09-10T08:56:00+00:00,715.3,715.3,715.3,715.3,145,8,715.3
2026-09-10T08:58:00+00:00,715.34,715.35,715.34,715.35,230,8,715.345238
2026-09-10T08:59:00+00:00,715.4,715.4,715.4,715.4,139,6,715.4
2026-09-10T09:00:00+00:00,715.44,715.44,715.3,715.3,2212,40,715.370492
2026-09-10T09:02:00+00:00,715.46,715.46,715.41,715.41,697,4,715.413775
2026-09-10T09:03:00+00:00,715.72,715.72,715.66,715.66,398,12,715.687298
2026-09-10T09:04:00+00:00,715.66,715.7268,715.66,715.7,592,9,715.667366
2026-09-10T09:06:00+00:00,715.66,715.66,715.66,715.66,112,6,715.66
2026-09-10T09:09:00+00:00,715.36,715.36,715.335,715.35,389,23,715.348455
2026-09-10T09:11:00+00:00,715.43,715.43,715.4,715.4,248,10,715.411159
2026-09-10T09:12:00+00:00,715.58,715.58,715.58,715.58,502,7,715.58
2026-09-10T09:13:00+00:00,715.59,715.59,715.59,715.59,191,14,715.59
2026-09-10T09:14:00+00:00,715.4958,715.4958,715.47,715.47,98,5,715.482626
2026-09-10T09:18:00+00:00,715.5,715.5,715.47,715.47,118,6,715.485
2026-09-10T09:20:00+00:00,715.56,715.56,715.43,715.43,799,23,715.440588
2026-09-10T09:21:00+00:00,715.5,715.5,715.5,715.5,126,10,715.5
2026-09-10T09:23:00+00:00,715.45,715.47,715.45,715.47,578,12,715.458281
2026-09-10T09:24:00+00:00,715.4,715.4,715.28,715.28,599,31,715.352118
2026-09-10T09:25:00+00:00,715.28,715.28,715.2,715.2,233,32,715.248296
2026-09-10T09:26:00+00:00,715.21,715.21,715.01,715.09,2932,56,715.08858
2026-09-10T09:27:00+00:00,715.14,715.14,715.13,715.14,421,10,715.137753
2026-09-10T09:28:00+00:00,715.1,715.1,714.97,714.97,1568,53,715.036503
2026-09-10T09:29:00+00:00,715.03,715.05,715,715.03,1387,18,715.026008
2026-09-10T09:30:00+00:00,714.94,714.94,714.8,714.81,3075,40,714.907931
2026-09-10T09:31:00+00:00,714.78,714.82,714.6,714.6,3195,76,714.740406
2026-09-10T09:32:00+00:00,714.61,714.61,714.48,714.48,4778,45,714.577323
2026-09-10T09:33:00+00:00,714.4502,714.48,714.4502,714.46,411,18,714.461209
2026-09-10T09:34:00+00:00,714.54,714.7458,714.53,714.72,4543,53,714.586873
2026-09-10T09:35:00+00:00,714.78,714.78,714.7,714.7,385,13,714.72847
2026-09-10T09:36:00+00:00,714.6,714.61,714.57,714.61,1206,24,714.594123
2026-09-10T09:37:00+00:00,714.65,714.65,714.6,714.6,842,16,714.610733
2026-09-10T09:38:00+00:00,714.67,714.67,714.505,714.51,1534,30,714.596544
2026-09-10T09:39:00+00:00,714.54,714.54,714.44,714.44,582,21,714.492165
2026-09-10T09:40:00+00:00,714.45,714.45,714.21,714.23,1735,53,714.344328
2026-09-10T09:41:00+00:00,714.31,714.31,714.2,714.2299,976,30,714.269093
2026-09-10T09:42:00+00:00,714.23,714.26,714.14,714.26,2052,25,714.198851
2026-09-10T09:43:00+00:00,714.47,714.63,714.47,714.63,897,13,714.501934
2026-09-10T09:44:00+00:00,714.7,714.92,714.66,714.92,2381,33,714.758232
2026-09-10T09:45:00+00:00,714.86,715.16,714.86,715.07,1812,27,714.938573
2026-09-10T09:46:00+00:00,714.98,715.13,714.98,715.11,6698,31,715.124285
2026-09-10T09:47:00+00:00,715.13,715.23,715.13,715.23,564,18,715.202278
2026-09-10T09:48:00+00:00,715.23,715.23,715.23,715.23,2007,16,715.23
2026-09-10T09:49:00+00:00,715.13,715.22,715.13,715.22,1222,24,715.168891
2026-09-10T09:50:00+00:00,715.12,715.14,715.11,715.14,248,9,715.121579
2026-09-10T09:51:00+00:00,715.23,715.23,715.23,715.23,466,12,715.23
2026-09-10T09:52:00+00:00,715.28,715.35,715.24,715.34,970,23,715.315417
2026-09-10T09:53:00+00:00,715.34,715.34,715.33,715.34,387,14,715.338381
2026-09-10T09:54:00+00:00,715.38,715.55,715.37,715.42,3030,40,715.436118
2026-09-10T09:55:00+00:00,715.33,715.33,715.31,715.31,2128,25,715.317343
2026-09-10T09:56:00+00:00,715.35,715.35,715.35,715.35,291,14,715.35
2026-09-10T09:57:00+00:00,715.34,715.34,715.34,715.34,124,3,715.34
2026-09-10T09:58:00+00:00,715.21,715.22,715.15,715.15,4236,42,715.202939
2026-09-10T09:59:00+00:00,715.2,715.25,715.2,715.25,2214,27,715.248762
2026-09-10T10:00:00+00:00,715.18,715.2,715.02,715.02,1912,47,715.126872
2026-09-10T10:01:00+00:00,715,715.08,714.99,715.08,7187,50,715.01265
2026-09-10T10:02:00+00:00,715.08,715.12,715.07,715.07,2922,10,715.075862
2026-09-10T10:03:00+00:00,715.3,715.37,715.3,715.37,7117,103,715.34909
2026-09-10T10:05:00+00:00,715.34,715.37,715.34,715.37,329,9,715.36
2026-09-10T10:07:00+00:00,715.29,715.3,715.29,715.3,415,17,715.297135
2026-09-10T10:08:00+00:00,715,715.04,714.98,715.02,981,22,715.030826
2026-09-10T10:09:00+00:00,715.02,715.03,714.88,714.88,506,10,714.952823
2026-09-10T10:11:00+00:00,714.85,715.15,714.85,715.07,1007,26,714.907949
2026-09-10T10:12:00+00:00,715.01,715.09,715,715,761,11,715.063361
2026-09-10T10:14:00+00:00,715.11,715.11,715,715,1750,34,715.075003
2026-09-10T10:15:00+00:00,715.03,715.06,715.03,715.03,615,12,715.035556
2026-09-10T10:16:00+00:00,715.04,715.04,715.04,715.04,71,3,715.04
2026-09-10T10:17:00+00:00,715,715,715,715,112,10,715
2026-09-10T10:18:00+00:00,715.06,715.06,715.05,715.06,265,7,715.056078
2026-09-10T10:20:00+00:00,714.9936,715.0309,714.82,714.9,4992,47,714.909373
2026-09-10T10:21:00+00:00,714.93,715.03,714.93,715.03,1316,21,715.006552
2026-09-10T10:22:00+00:00,715.06,715.06,715.06,715.06,68,5,715.06
2026-09-10T10:23:00+00:00,714.96,714.96,714.96,714.96,100,13,714.96
2026-09-10T10:24:00+00:00,714.98,714.98,714.97,714.97,485,12,714.97101
2026-09-10T10:25:00+00:00,714.95,715.25,714.94,715.25,6106,97,715.073336
2026-09-10T10:26:00+00:00,715.19,715.19,715.03,715.03,569,16,715.11339
2026-09-10T10:27:00+00:00,714.91,714.91,714.9,714.9,1290,25,714.908382
2026-09-10T10:28:00+00:00,714.89,714.91,714.85,714.85,364,6,714.883833
2026-09-10T10:29:00+00:00,714.9,714.9,714.9,714.9,521,11,714.9
2026-09-10T10:30:00+00:00,714.87,714.87,714.7596,714.7596,623,22,714.78992
2026-09-10T10:31:00+00:00,714.66,714.66,714.45,714.45,4734,83,714.518
2026-09-10T10:32:00+00:00,714.46,714.46,714.4,714.46,1815,36,714.429542
2026-09-10T10:33:00+00:00,714.49,714.49,714.49,714.49,160,15,714.49
2026-09-10T10:34:00+00:00,714.39,714.39,714.24,714.37,1892,43,714.301873
2026-09-10T10:35:00+00:00,714.32,714.33,714.32,714.33,273,15,714.323333
2026-09-10T10:36:00+00:00,714.5,714.62,714.45,714.62,1829,27,714.547343
2026-09-10T10:37:00+00:00,714.62,714.91,714.62,714.91,727,18,714.737688
2026-09-10T10:38:00+00:00,714.96,714.98,714.88,714.96,1193,26,714.929799
2026-09-10T10:39:00+00:00,714.89,714.9,714.89,714.89,685,11,714.891807
2026-09-10T10:40:00+00:00,714.92,715.08,714.92,715.08,8172,75,714.999323
2026-09-10T10:41:00+00:00,715.07,715.15,715.01,715.01,1351,14,715.058851
2026-09-10T10:43:00+00:00,715.1,715.1,714.97,714.97,440,16,715.013011
2026-09-10T10:44:00+00:00,715,715,714.95,714.95,556,13,714.980802
2026-09-10T10:45:00+00:00,714.92,714.92,714.7,714.76,1677,20,714.8104
2026-09-10T10:46:00+00:00,714.8,714.82,714.8,714.82,168,9,714.806993
2026-09-10T10:47:00+00:00,714.71,714.71,714.66,714.66,332,14,714.67
2026-09-10T10:48:00+00:00,714.83,714.83,714.83,714.83,106,4,714.83
2026-09-10T10:49:00+00:00,714.8831,714.8831,714.8831,714.8831,61,3,714.8831
2026-09-10T10:50:00+00:00,714.91,714.92,714.91,714.92,621,11,714.912593
2026-09-10T10:51:00+00:00,714.9,714.9,714.9,714.9,119,14,714.9
2026-09-10T10:52:00+00:00,714.67,714.67,714.67,714.67,153,15,714.67
2026-09-10T10:53:00+00:00,714.61,714.65,714.61,714.635,1048,11,714.6285
2026-09-10T10:54:00+00:00,714.57,714.58,714.33,714.33,4220,68,714.477236
2026-09-10T10:55:00+00:00,714.32,714.47,714.25,714.47,1200,21,714.293163
2026-09-10T10:56:00+00:00,714.54,715.59,714.54,715.35,9571,133,715.009548
2026-09-10T10:57:00+00:00,715.55,715.57,715.05,715.07,5155,67,715.249279
2026-09-10T10:58:00+00:00,715.01,715.02,714.69,714.8,2643,41,714.929643
2026-09-10T10:59:00+00:00,714.72,714.72,714.5,714.5,1486,37,714.625973
2026-09-10T11:00:00+00:00,714.529,714.54,714.3,714.33,17491,186,714.370611
2026-09-10T11:01:00+00:00,714.34,714.34,714.14,714.21,5275,86,714.214435
2026-09-10T11:02:00+00:00,714.1,714.1,713.45,713.72,16522,347,713.766269
2026-09-10T11:03:00+00:00,713.87,713.9893,713.87,713.9252,2850,53,713.954594
2026-09-10T11:04:00+00:00,713.92,713.92,713.8,713.8,1213,47,713.859824
2026-09-10T11:05:00+00:00,713.9,713.9423,713.7307,713.7307,7454,37,713.92653
2026-09-10T11:06:00+00:00,713.66,713.66,713.51,713.52,6029,85,713.580769
2026-09-10T11:07:00+00:00,713.5,713.73,713.5,713.68,1380,36,713.574043
2026-09-10T11:08:00+00:00,713.71,713.7326,713.66,713.7326,520,26,713.691209
2026-09-10T11:09:00+00:00,713.66,713.7,713.62,713.62,4461,36,713.659266
2026-09-10T11:10:00+00:00,713.6,713.76,713.49,713.5092,2877,42,713.595233
2026-09-10T11:11:00+00:00,713.52,713.55,713.385,713.488,2628,52,713.516621
2026-09-10T11:12:00+00:00,713.5,713.51,713.38,713.4155,5609,72,713.454623
2026-09-10T11:13:00+00:00,713.6,713.81,713.6,713.8,5756,62,713.788973
2026-09-10T11:14:00+00:00,713.8,713.8,713.68,713.68,2139,46,713.715128
2026-09-10T11:15:00+00:00,713.75,713.81,713.71,713.76,768,30,713.738908
2026-09-10T11:16:00+00:00,713.75,713.75,713.7,713.72,4299,39,713.729824
2026-09-10T11:17:00+00:00,713.73,713.77,713.6602,713.7107,2042,41,713.734588
2026-09-10T11:18:00+00:00,713.66,713.674,713.62,713.66,1629,39,713.633573
2026-09-10T11:19:00+00:00,713.65,713.65,713.45,713.62,35516,364,713.520219
2026-09-10T11:20:00+00:00,713.62,713.66,713.54,713.55,36228,275,713.5561
2026-09-10T11:21:00+00:00,713.55,713.55,713.5,713.5,491,41,713.531873
2026-09-10T11:22:00+00:00,713.49,713.62,713.44,713.62,3508,61,713.513573
2026-09-10T11:23:00+00:00,713.6,713.79,713.6,713.76,1554,40,713.736204
2026-09-10T11:24:00+00:00,713.76,713.78,713.575,713.675,1279,34,713.717565
2026-09-10T11:25:00+00:00,713.72,713.72,713.69,713.71,4191,28,713.698339
2026-09-10T11:26:00+00:00,713.67,713.69,713.6,713.68,2567,41,713.617606
2026-09-10T11:27:00+00:00,713.68,713.7007,713.68,713.7007,365,21,713.683393
2026-09-10T11:28:00+00:00,713.7,713.7,713.66,713.6754,1111,23,713.666066
2026-09-10T11:29:00+00:00,713.67,713.7,713.55,713.59,1892,45,713.61834
2026-09-10T11:30:00+00:00,713.59,713.63,713.55,713.58,1734,43,713.596868
2026-09-10T11:31:00+00:00,713.63,713.72,713.63,713.66,3220,40,713.661934
2026-09-10T11:32:00+00:00,713.71,713.77,713.65,713.77,3398,34,713.728808
2026-09-10T11:33:00+00:00,713.7938,713.95,713.68,713.95,4422,44,713.842864
2026-09-10T11:34:00+00:00,714,714.1438,713.98,714.04,6138,71,714.061773
2026-09-10T11:35:00+00:00,714.07,714.17,714.07,714.12,6636,153,714.138318
2026-09-10T11:36:00+00:00,714.09,714.1223,714.04,714.04,3413,98,714.061632
2026-09-10T11:37:00+00:00,714.01,714.1,714,714.1,2962,93,714.060562
2026-09-10T11:38:00+00:00,714.05,714.05,713.91,714,1401,52,713.964599
2026-09-10T11:39:00+00:00,714.01,714.05,713.9601,714.05,2792,41,714.022246
2026-09-10T11:40:00+00:00,714.04,714.04,713.98,714.02,982,19,714.012138
2026-09-10T11:41:00+00:00,714,714,713.95,713.95,1679,32,713.996479
2026-09-10T11:42:00+00:00,714.04,714.04,713.82,713.84,3628,44,713.966737
2026-09-10T11:43:00+00:00,713.87,713.89,713.655,713.71,3614,66,713.764659
2026-09-10T11:44:00+00:00,713.75,713.76,713.75,713.76,523,19,713.753143
2026-09-10T11:45:00+00:00,713.81,714.51,713.78,713.78,21472,363,713.979937
2026-09-10T11:46:00+00:00,713.83,713.83,713.59,713.6,1030,44,713.714329
2026-09-10T11:47:00+00:00,713.63,713.63,713.3,713.3,12931,154,713.432915
2026-09-10T11:48:00+00:00,713.32,713.33,713.2,713.2,3613,68,713.221737
2026-09-10T11:49:00+00:00,713.18,713.21,713.09,713.09,4641,69,713.141013
2026-09-10T11:50:00+00:00,713.1,713.1,712.5,712.75,21598,490,712.744756
2026-09-10T11:51:00+00:00,712.73,712.81,712.54,712.57,3494,91,712.660469
2026-09-10T11:52:00+00:00,712.59,712.7,712.58,712.59,5241,102,712.612204
2026-09-10T11:53:00+00:00,712.59,712.67,712.4916,712.5,11297,182,712.600172
2026-09-10T11:54:00+00:00,712.5374,712.74,712.52,712.58,4233,52,712.635712
2026-09-10T11:55:00+00:00,712.55,716.847,711.97,711.97,8243,290,712.257029
2026-09-10T11:56:00+00:00,712.05,712.23,711.9,711.9,6229,155,712.081543
2026-09-10T11:57:00+00:00,711.94,712.189,711.87,712.14,8150,91,711.932611
2026-09-10T11:58:00+00:00,712.22,712.3286,712.03,712.03,3662,70,712.232088
2026-09-10T11:59:00+00:00,712.15,712.17,711.87,711.875,6816,131,711.998974
2026-09-10T12:00:00+00:00,711.88,712.12,711.8,711.86,11138,169,711.943185
2026-09-10T12:01:00+00:00,711.86,711.86,711.49,711.599,18476,189,711.623595
2026-09-10T12:02:00+00:00,711.6,711.9,711.4725,711.83,13270,167,711.602088
2026-09-10T12:03:00+00:00,711.85,711.89,711.44,711.49,5838,143,711.694353
2026-09-10T12:04:00+00:00,711.5,711.5,711.29,711.39,9377,130,711.382048
2026-09-10T12:05:00+00:00,711.414,711.49,711.33,711.49,4062,92,711.3881
2026-09-10T12:06:00+00:00,711.5019,711.5019,711.27,711.3,9050,123,711.331924
2026-09-10T12:07:00+00:00,711.32,711.51,711.31,711.51,12252,99,711.43545
2026-09-10T12:08:00+00:00,711.5592,711.5592,711.1746,711.25,13748,182,711.252409
2026-09-10T12:09:00+00:00,711.24,711.27,711.1393,711.18,7077,95,711.236412
2026-09-10T12:10:00+00:00,711.16,711.25,711.11,711.25,7680,119,711.224985
2026-09-10T12:11:00+00:00,711.17,711.2,711.07,711.16,8971,113,711.10675
2026-09-10T12:12:00+00:00,711.15,711.3,711.1,711.12,7416,97,711.155572
2026-09-10T12:13:00+00:00,711.249,711.59,711.212,711.58,8544,105,711.447991
2026-09-10T12:14:00+00:00,711.59,711.78,711.56,711.7432,21069,267,711.705219
2026-09-10T12:15:00+00:00,711.66,711.7805,711.24,711.41,9460,155,711.521727
2026-09-10T12:16:00+00:00,711.32,711.3948,711,711.12,11759,258,711.061319
2026-09-10T12:17:00+00:00,711.157,711.3224,711.12,711.2,2622,78,711.219801
2026-09-10T12:18:00+00:00,711.13,711.52,711.13,711.33,7817,104,711.219306
2026-09-10T12:19:00+00:00,711.33,711.33,711.1,711.1,4131,70,711.272067
2026-09-10T12:20:00+00:00,711.08,711.08,710.71,710.95,17826,290,710.821891
2026-09-10T12:21:00+00:00,710.9,716.83,710.87,711.01,22125,141,711.513651
2026-09-10T12:22:00+00:00,710.97,711.08,710.9,710.91,10514,144,710.989728
2026-09-10T12:23:00+00:00,710.79,710.95,710.64,710.9092,29103,284,710.694477
2026-09-10T12:24:00+00:00,710.86,710.88,710.66,710.71,6056,143,710.76263
2026-09-10T12:25:00+00:00,710.72,710.77,710.52,710.7592,7472,195,710.685512
2026-09-10T12:26:00+00:00,710.73,710.73,710.5,710.53,7948,176,710.584409
2026-09-10T12:27:00+00:00,710.6633,710.72,710.54,710.6,4923,118,710.653545
2026-09-10T12:28:00+00:00,710.56,710.72,710.55,710.72,30839,202,710.66059
2026-09-10T12:29:00+00:00,710.71,711.39,710.69,710.9,32212,165,710.912705
2026-09-10T12:30:00+00:00,710.81,711.36,710.15,710.44,52127,589,710.74397
2026-09-10T12:31:00+00:00,710.38,710.58,709.61,709.69,61488,1076,710.106586
2026-09-10T12:32:00+00:00,709.69,709.7019,709.11,709.23,48335,710,709.400584
2026-09-10T12:33:00+00:00,709.1,709.171,708.65,708.75,62034,826,708.844126
2026-09-10T12:34:00+00:00,708.7689,708.82,708.05,708.089,46103,634,708.354621
2026-09-10T12:35:00+00:00,708.13,708.6189,708.13,708.6,51205,434,708.484008
2026-09-10T12:36:00+00:00,708.6,708.785,708.29,708.4873,28749,360,708.571025
2026-09-10T12:37:00+00:00,708.48,708.48,708.1799,708.2,23686,288,708.33925
2026-09-10T12:38:00+00:00,708.3,708.48,708.02,708.1,19248,260,708.341546
2026-09-10T12:39:00+00:00,708.1,708.24,707.88,708.12,15915,388,708.000751
2026-09-10T12:40:00+00:00,708.08,708.08,707.67,707.8,13788,310,707.861252
2026-09-10T12:41:00+00:00,707.86,707.9499,707.6703,707.76,8869,195,707.882299
2026-09-10T12:42:00+00:00,707.65,707.94,707.46,707.63,30138,373,707.658798
2026-09-10T12:43:00+00:00,707.57,707.8,707.43,707.79,23850,284,707.614108
2026-09-10T12:44:00+00:00,707.56,707.95,707.42,707.92,26710,275,707.73363
2026-09-10T12:45:00+00:00,707.99,708,707.52,707.6005,20535,290,707.681914
2026-09-10T12:46:00+00:00,707.62,707.62,707.4,707.58,13097,283,707.502402
2026-09-10T12:47:00+00:00,707.56,707.87,707.42,707.65,8201,199,707.643204
2026-09-10T12:48:00+00:00,707.54,707.64,707.25,707.63,14318,275,707.439876
2026-09-10T12:49:00+00:00,707.61,707.86,707.61,707.79,11730,142,707.720423
2026-09-10T12:50:00+00:00,707.78,707.96,707.78,707.96,16267,184,707.870819
2026-09-10T12:51:00+00:00,707.92,707.94,707.61,707.67,6571,200,707.763236
2026-09-10T12:52:00+00:00,707.7,707.71,707.21,707.24,13676,292,707.354552
2026-09-10T12:53:00+00:00,707.26,707.35,707.04,707.14,27028,362,707.171298
2026-09-10T12:54:00+00:00,707.2,707.43,707.1,707.31,8068,183,707.281898
2026-09-10T12:55:00+00:00,707.33,707.3397,706.9,707.07,11125,415,707.073781
2026-09-10T12:56:00+00:00,707.03,707.05,706.75,706.78,13206,229,706.868953
2026-09-10T12:57:00+00:00,706.72,706.8,706.5,706.75,14970,302,706.643574
2026-09-10T12:58:00+00:00,706.7,706.9,706.7,706.73,12109,166,706.799303
2026-09-10T12:59:00+00:00,706.7894,706.88,706.64,706.74,17484,279,706.771053
2026-09-10T13:00:00+00:00,706.83,707.2,706.82,707.12,16283,237,707.02971
2026-09-10T13:01:00+00:00,707.1293,707.25,706.78,707.1,30350,437,707.023222
2026-09-10T13:02:00+00:00,707.1,707.63,707.1,707.5996,21909,312,707.349061
2026-09-10T13:03:00+00:00,707.61,707.73,707.46,707.52,20625,288,707.612424
2026-09-10T13:04:00+00:00,707.5076,707.77,707.5076,707.63,17741,233,707.731521
2026-09-10T13:05:00+00:00,707.7,707.73,707.51,707.54,15168,209,707.617318
2026-09-10T13:06:00+00:00,707.4,707.519,707.21,707.34,16766,186,707.382234
2026-09-10T13:07:00+00:00,707.41,707.44,706.9,706.9,5083,200,707.307569
2026-09-10T13:08:00+00:00,706.9,707.149,706.8446,707.149,9722,167,706.912934
2026-09-10T13:09:00+00:00,707.08,707.25,707.0501,707.14,7919,158,707.172118
2026-09-10T13:10:00+00:00,707.159,707.34,707.13,707.29,5813,112,707.241904
2026-09-10T13:11:00+00:00,707.31,707.58,707.31,707.57,16603,215,707.536152
2026-09-10T13:12:00+00:00,707.56,707.56,707.11,707.12,7882,174,707.310387
2026-09-10T13:13:00+00:00,707.24,707.29,707.13,707.27,27212,148,707.213884
2026-09-10T13:14:00+00:00,707.359,707.3906,707.08,707.12,6576,132,707.282379
2026-09-10T13:15:00+00:00,707.09,707.34,707.04,707.2,3262,123,707.143052
2026-09-10T13:16:00+00:00,707.2,707.2,706.79,707,9414,254,706.92407
2026-09-10T13:17:00+00:00,706.95,706.9638,706.7,706.75,6190,185,706.78189
2026-09-10T13:18:00+00:00,706.76,707.06,706.76,707.02,2462,118,706.926344
2026-09-10T13:19:00+00:00,707,707.2,707,707.0299,10671,156,707.078621
2026-09-10T13:20:00+00:00,707.0976,707.12,706.81,706.81,12728,217,707.056845
2026-09-10T13:21:00+00:00,706.8,707.04,706.75,707.04,17095,183,706.961678
2026-09-10T13:22:00+00:00,707.07,707.14,707.01,707.11,12317,163,707.092299
2026-09-10T13:23:00+00:00,707.14,707.19,707.04,707.1654,5786,121,707.156128
2026-09-10T13:24:00+00:00,707.12,707.12,706.7577,706.7577,21384,235,707.04299
2026-09-10T13:25:00+00:00,706.87,706.98,706.5,706.7,38785,542,706.661744
2026-09-10T13:26:00+00:00,706.74,706.9795,706.72,706.96,13406,203,706.815817
2026-09-10T13:27:00+00:00,706.99,707.33,706.94,707.33,35758,371,707.053214
2026-09-10T13:28:00+00:00,707.38,707.46,706.98,707.29,50599,606,707.231829
2026-09-10T13:29:00+00:00,707.31,707.55,707.18,707.55,19464,231,707.374838
2026-09-10T13:30:00+00:00,707.56,708.39,707.34,708.3209,658584,10909,707.848855
2026-09-10T13:31:00+00:00,708.3,708.44,707.87,708.11,344810,4841,708.104643
2026-09-10T13:32:00+00:00,708.15,708.25,707.11,707.26,276169,4119,707.570987
2026-09-10T13:33:00+00:00,707.25,707.92,706.855,707.91,219159,3967,707.282755
2026-09-10T13:34:00+00:00,707.89,708.33,707.59,707.775,161474,2689,708.009769
2026-09-10T13:35:00+00:00,707.78,708.615,707.58,708.17,207258,3444,708.200761
2026-09-10T13:36:00+00:00,708.1162,708.74,708.07,708.47,172508,3299,708.517329
2026-09-10T13:37:00+00:00,708.48,708.73,707.99,708.2829,149549,2924,708.405898
2026-09-10T13:38:00+00:00,708.28,708.92,708.11,708.85,146171,2370,708.61173
2026-09-10T13:39:00+00:00,708.81,709.9,708.77,709.721,216266,3436,709.372096
2026-09-10T13:40:00+00:00,709.7463,710.27,709.56,709.92,175453,3220,709.93754
2026-09-10T13:41:00+00:00,709.91,710.11,709.09,709.225,191280,2798,709.637982
2026-09-10T13:42:00+00:00,709.2568,709.5899,708.9801,709.35,130729,2023,709.333617
2026-09-10T13:43:00+00:00,709.33,709.7195,709.15,709.34,92232,1884,709.421432
2026-09-10T13:44:00+00:00,709.345,709.5505,708.66,708.77,115779,2513,709.168751
2026-09-10T13:45:00+00:00,708.78,709.47,708.6255,709.4,143145,2284,708.964543
2026-09-10T13:46:00+00:00,709.43,709.9,709.1237,709.8801,97591,1932,709.553819
2026-09-10T13:47:00+00:00,709.86,709.94,709.51,709.67,98575,1961,709.713827
2026-09-10T13:48:00+00:00,709.67,709.7,708.88,709.172,149114,2800,709.207489
2026-09-10T13:49:00+00:00,709.1,710.36,708.97,709.8888,271918,4437,709.813336
2026-09-10T13:50:00+00:00,709.91,709.95,708.7,708.94,136325,2613,709.314929
2026-09-10T13:51:00+00:00,708.94,708.97,708.11,708.15,149284,2793,708.506053
2026-09-10T13:52:00+00:00,708.27,708.49,708.015,708.36,122272,2049,708.243645
2026-09-10T13:53:00+00:00,708.34,708.45,707.95,708.25,79969,1857,708.220212
2026-09-10T13:54:00+00:00,708.27,708.69,707.925,707.95,66419,1380,708.407339
2026-09-10T13:55:00+00:00,707.995,708.23,707.7605,708.035,79604,1552,708.009534
2026-09-10T13:56:00+00:00,708.02,708.235,707.58,708.1317,76480,1720,707.92693
2026-09-10T13:57:00+00:00,708.2,708.4071,707.845,708.1,64181,1324,708.152612
2026-09-10T13:58:00+00:00,708.07,708.2,707.73,707.7606,47535,1216,708.028407
2026-09-10T13:59:00+00:00,707.76,708.01,707.71,707.82,51928,1200,707.848403
2026-09-10T14:00:00+00:00,707.76,708.6,707.76,708.28,93864,1868,708.306263
2026-09-10T14:01:00+00:00,708.255,709.07,708.23,709.02,84657,1805,708.64948
2026-09-10T14:02:00+00:00,709.02,709.505,708.95,709.375,91253,1739,709.325741
2026-09-10T14:03:00+00:00,709.38,709.72,709.1827,709.62,84940,1581,709.429288
2026-09-10T14:04:00+00:00,709.63,709.63,708.96,708.98,93174,1656,709.184711
2026-09-10T14:05:00+00:00,708.985,709.2,708.6643,708.73,86929,1813,708.937328
2026-09-10T14:06:00+00:00,708.73,708.965,708.64,708.8,56144,1335,708.806305
2026-09-10T14:07:00+00:00,708.77,709.1199,708.245,708.26,75297,1795,708.679103
2026-09-10T14:08:00+00:00,708.2745,708.47,708.04,708.3862,81428,1655,708.230984
2026-09-10T14:09:00+00:00,708.38,708.74,708.22,708.69,56527,1290,708.381133
2026-09-10T14:10:00+00:00,708.738,709.1,708.53,708.795,58167,1216,708.8641
2026-09-10T14:11:00+00:00,708.75,709.0391,708.32,708.88,112472,2265,708.563436
2026-09-10T14:12:00+00:00,708.9,709.17,708.86,709.07,72350,2438,708.987373
2026-09-10T14:13:00+00:00,709.165,709.51,709.165,709.44,144257,2551,709.398352
2026-09-10T14:14:00+00:00,709.45,709.48,708.693,708.79,54583,2525,709.071588
2026-09-10T14:15:00+00:00,708.79,708.95,708.4001,708.64,64677,2801,708.680088
2026-09-10T14:16:00+00:00,708.64,708.64,708.24,708.49,49584,2516,708.429379
2026-09-10T14:17:00+00:00,708.43,708.44,708.11,708.29,86297,3024,708.29624
2026-09-10T14:18:00+00:00,708.265,708.77,708.265,708.72,155433,2538,708.50952
2026-09-10T14:19:00+00:00,708.685,709.3,708.61,709.215,85291,2531,708.967887
2026-09-10T14:20:00+00:00,709.23,709.74,709.11,709.6,77477,2816,709.467283
2026-09-10T14:21:00+00:00,709.575,709.76,709.261,709.74,59763,2486,709.509485
2026-09-10T14:22:00+00:00,709.77,710.11,709.4849,710.07,84963,2959,709.806963
2026-09-10T14:23:00+00:00,710.05,710.06,709.69,709.9,58602,2510,709.833821
2026-09-10T14:24:00+00:00,709.885,711.8,709.74,710.99,361355,6574,710.736303
2026-09-10T14:25:00+00:00,710.96,711.5852,710.96,711.181,168810,3606,711.332683
2026-09-10T14:26:00+00:00,711.19,711.34,710.38,710.38,158867,3588,710.77673
2026-09-10T14:27:00+00:00,710.38,710.6098,710.17,710.25,119913,3277,710.356562
2026-09-10T14:28:00+00:00,710.245,710.79,710.235,710.6,107702,2726,710.54909
2026-09-10T14:29:00+00:00,710.63,710.6551,710.17,710.41,90384,3046,710.354595
2026-09-10T14:30:00+00:00,710.4,710.95,710.385,710.81,118795,2961,710.607471
2026-09-10T14:31:00+00:00,710.83,711.25,710.76,711.11,70151,3031,710.976777
2026-09-10T14:32:00+00:00,711.07,711.12,710.72,710.91,79631,2690,710.88868
2026-09-10T14:33:00+00:00,710.9,710.98,710.51,710.64,49207,2474,710.757399
2026-09-10T14:34:00+00:00,710.6155,711.095,710.6155,710.705,72675,2645,710.825753
2026-09-10T14:35:00+00:00,710.71,711.54,710.71,711.42,103946,3239,711.219967
2026-09-10T14:36:00+00:00,711.45,711.83,711.31,711.76,69962,2892,711.566923
2026-09-10T14:37:00+00:00,711.7466,712,711.66,711.955,59800,2505,711.862222
2026-09-10T14:38:00+00:00,711.94,712.06,711.8,711.97,122145,2580,711.897264
2026-09-10T14:39:00+00:00,711.96,712.05,711.68,711.725,95018,2535,711.919995
2026-09-10T14:40:00+00:00,711.739,711.92,711.41,711.64,90389,3056,711.601064
2026-09-10T14:41:00+00:00,711.64,711.82,711.52,711.59,46728,2367,711.65195
2026-09-10T14:42:00+00:00,711.55,711.7,711.21,711.2463,53134,2429,711.486007
2026-09-10T14:43:00+00:00,711.23,711.37,710.97,711.01,56545,2569,711.155194
2026-09-10T14:44:00+00:00,711.01,711.16,710.81,711.14,95070,2733,710.956818
2026-09-10T14:45:00+00:00,711.1,711.185,710.83,710.95,45110,2362,711.010832
2026-09-10T14:46:00+00:00,710.96,711.48,710.93,711.37,45792,2331,711.2705
2026-09-10T14:47:00+00:00,711.37,711.3796,710.6,710.62,62123,2512,710.949015
2026-09-10T14:48:00+00:00,710.61,711.05,710.56,711.01,48429,2391,710.791548
2026-09-10T14:49:00+00:00,710.97,711.05,710.78,710.93,42103,2299,710.932179
2026-09-10T14:50:00+00:00,710.9116,710.92,710.49,710.53,47489,2441,710.698223
2026-09-10T14:51:00+00:00,710.52,711.09,710.51,711.09,67957,2458,710.701486
2026-09-10T14:52:00+00:00,711.12,711.28,710.87,711.04,46185,2419,711.104744
2026-09-10T14:53:00+00:00,711.075,711.36,710.9201,711.22,72620,2397,711.161233
2026-09-10T14:54:00+00:00,711.19,711.34,711.13,711.335,41023,2163,711.224815
2026-09-10T14:55:00+00:00,711.4,711.435,711.02,711.02,31860,2346,711.183018
2026-09-10T14:56:00+00:00,711.02,711.47,710.97,711.415,61287,2468,711.266275
2026-09-10T14:57:00+00:00,711.39,711.7975,711.24,711.725,48537,2521,711.494164
2026-09-10T14:58:00+00:00,711.76,711.79,711.505,711.61,27461,2362,711.635232
2026-09-10T14:59:00+00:00,711.63,711.805,711.54,711.79,40371,2284,711.669017
2026-09-10T15:00:00+00:00,711.79,711.83,711.32,711.54,54416,2632,711.586041
2026-09-10T15:01:00+00:00,711.49,711.5,710.95,711.02,51778,2664,711.081535
2026-09-10T15:02:00+00:00,711.01,711.03,710.61,710.74,75710,2854,710.82658
2026-09-10T15:03:00+00:00,710.73,711.01,710.66,710.98,422427,2498,710.842933
2026-09-10T15:04:00+00:00,711,711.26,710.9,710.9175,117861,2808,711.075573
2026-09-10T15:05:00+00:00,710.93,711.575,710.93,711.46,44382,2335,711.267511
2026-09-10T15:06:00+00:00,711.44,711.495,711.26,711.43,33010,2093,711.400362
2026-09-10T15:07:00+00:00,711.41,711.55,711.27,711.43,25537,2019,711.417841
2026-09-10T15:08:00+00:00,711.43,711.5,711.34,711.44,154716,2421,711.414177
2026-09-10T15:09:00+00:00,711.43,711.43,710.803,710.88,60599,2569,711.17705
2026-09-10T15:10:00+00:00,710.875,711.66,710.855,711.61,53659,2466,711.287132
2026-09-10T15:11:00+00:00,711.58,711.59,711.29,711.38,46644,2526,711.43184
2026-09-10T15:12:00+00:00,711.39,711.72,711.36,711.46,44963,2240,711.561447
2026-09-10T15:13:00+00:00,711.475,711.58,711.155,711.46,57237,2760,711.362482
2026-09-10T15:14:00+00:00,711.45,711.5,711.15,711.36,29253,2172,711.282085
2026-09-10T15:15:00+00:00,711.33,711.46,710.89,711.02,62265,2658,711.132714
2026-09-10T15:16:00+00:00,711.03,711.12,710.9101,711.01,145283,2454,711.010238
2026-09-10T15:17:00+00:00,710.99,711.18,710.82,711.055,34217,2162,710.969564
2026-09-10T15:18:00+00:00,711.0499,711.0499,710.51,710.59,38944,2400,710.721136
2026-09-10T15:19:00+00:00,710.56,710.88,710.46,710.84,38412,2241,710.684271
2026-09-10T15:20:00+00:00,710.82,711.02,710.51,710.525,38939,2362,710.752037
2026-09-10T15:21:00+00:00,710.51,710.54,710.21,710.45,60903,2697,710.3373
2026-09-10T15:22:00+00:00,710.42,710.79,710.375,710.79,38469,2259,710.48268
2026-09-10T15:23:00+00:00,710.78,710.93,710.6,710.6,147570,2290,710.744879
2026-09-10T15:24:00+00:00,710.61,711.1,710.61,711.03,41231,2058,710.876324
2026-09-10T15:25:00+00:00,711.04,711.1951,710.84,711.1597,54123,2136,711.01699
2026-09-10T15:26:00+00:00,711.12,711.13,710.88,711.06,38289,2239,710.983026
2026-09-10T15:27:00+00:00,711.03,711.53,710.99,711.48,61571,2173,711.318485
2026-09-10T15:28:00+00:00,711.44,711.6,711.36,711.37,51076,2540,711.475855
2026-09-10T15:29:00+00:00,711.39,711.41,711.12,711.13,51186,2391,711.225217
2026-09-10T15:30:00+00:00,711.15,711.29,710.96,711.05,75203,2711,711.114949
2026-09-10T15:31:00+00:00,711.02,711.2,710.92,710.98,33534,2211,711.025044
2026-09-10T15:32:00+00:00,711,711.07,710.68,710.94,71684,2504,710.891351
2026-09-10T15:33:00+00:00,710.95,711.39,710.89,711.27,45993,2270,711.151167
2026-09-10T15:34:00+00:00,711.26,711.43,711.18,711.29,26714,1963,711.311631
2026-09-10T15:35:00+00:00,711.27,711.3999,711.18,711.36,125950,1890,711.282153
2026-09-10T15:36:00+00:00,711.36,711.7,711.36,711.58,34633,2211,711.56341
2026-09-10T15:37:00+00:00,711.58,711.98,711.55,711.88,23416,2039,711.798341
2026-09-10T15:38:00+00:00,711.87,711.92,711.302,711.302,65475,2440,711.669168
2026-09-10T15:39:00+00:00,711.305,711.305,710.94,711.26,56052,2242,711.0866
2026-09-10T15:40:00+00:00,711.259,711.27,710.95,711.02,32981,2118,711.128642
2026-09-10T15:41:00+00:00,711.02,711.445,711.01,711.35,37787,2117,711.206722
2026-09-10T15:42:00+00:00,711.36,711.41,711.11,711.305,27253,2029,711.266724
2026-09-10T15:43:00+00:00,711.3,711.49,711.07,711.49,31763,1948,711.228195
2026-09-10T15:44:00+00:00,711.48,711.58,711.39,711.51,33034,2057,711.49125
2026-09-10T15:45:00+00:00,711.54,711.63,711.225,711.225,49499,2444,711.415639
2026-09-10T15:46:00+00:00,711.225,711.24,710.865,710.96,37580,2150,711.042034
2026-09-10T15:47:00+00:00,710.969,710.969,710.61,710.71,59964,2417,710.702811
2026-09-10T15:48:00+00:00,710.71,710.94,710.69,710.76,32816,2133,710.809919
2026-09-10T15:49:00+00:00,710.779,711.16,710.75,711.005,33228,2136,710.965046
2026-09-10T15:50:00+00:00,710.96,710.98,710.64,710.64,71663,2573,710.739286
2026-09-10T15:51:00+00:00,710.68,710.85,710.6,710.66,67675,2477,710.737222
2026-09-10T15:52:00+00:00,710.66,711.21,710.65,710.89,48057,2291,710.908261
2026-09-10T15:53:00+00:00,710.9,710.94,710.4601,710.53,47214,2400,710.691201
2026-09-10T15:54:00+00:00,710.53,710.62,710.385,710.385,176981,2419,710.539807
2026-09-10T15:55:00+00:00,710.39,710.4,710.09,710.29,93381,2692,710.287117
2026-09-10T15:56:00+00:00,710.29,710.31,709.92,710.01,81531,2904,710.094957
2026-09-10T15:57:00+00:00,710,710.12,709.93,710.1,63282,2419,710.005118
2026-09-10T15:58:00+00:00,710.097,710.46,710,710.44,54147,2128,710.218392
2026-09-10T15:59:00+00:00,710.42,710.58,710.3416,710.38,44939,2212,710.436946
2026-09-10T16:00:00+00:00,710.38,710.91,710.32,710.84,166844,2675,710.580773
2026-09-10T16:01:00+00:00,710.87,711,710.63,710.64,64413,2542,710.777462
2026-09-10T16:02:00+00:00,710.64,710.77,710.55,710.55,46530,2262,710.647353
2026-09-10T16:03:00+00:00,710.51,710.6,710.2,710.34,44396,2390,710.40973
2026-09-10T16:04:00+00:00,710.33,710.569,710.3,710.355,60493,2127,710.42304
2026-09-10T16:05:00+00:00,710.34,710.54,710.29,710.51,26562,1954,710.441916
2026-09-10T16:06:00+00:00,710.45,710.53,710.31,710.32,25277,1970,710.395677
2026-09-10T16:07:00+00:00,710.31,710.37,709.8601,709.92,147084,2356,710.089999
2026-09-10T16:08:00+00:00,709.92,710.059,709.79,709.9145,151815,2520,709.956999
2026-09-10T16:09:00+00:00,709.88,710.03,709.8,709.825,30190,2054,709.891181
2026-09-10T16:10:00+00:00,709.828,709.9787,709.7063,709.75,46718,2358,709.858859
2026-09-10T16:11:00+00:00,709.69,709.71,709.43,709.6,78748,2940,709.562322
2026-09-10T16:12:00+00:00,709.6,709.78,709.54,709.68,37162,1272,709.650378
2026-09-10T16:13:00+00:00,709.69,710.03,709.65,709.9219,37998,788,709.805039
2026-09-10T16:14:00+00:00,709.9,710.1,709.77,709.79,31170,508,709.93816
2026-09-10T16:15:00+00:00,709.81,710.2,709.73,710.19,19318,669,709.939761
2026-09-10T16:16:00+00:00,710.175,710.28,709.7305,709.82,219087,910,710.044284
2026-09-10T16:17:00+00:00,709.82,709.87,709.53,709.64,53284,942,709.65875
2026-09-10T16:18:00+00:00,709.63,709.71,709.51,709.56,37196,899,709.598314
2026-09-10T16:19:00+00:00,709.55,709.85,709.55,709.646,36596,626,709.723028
2026-09-10T16:20:00+00:00,709.65,710.02,709.65,709.845,21957,567,709.819592
2026-09-10T16:21:00+00:00,709.84,709.91,709.6405,709.66,21158,491,709.747607
2026-09-10T16:22:00+00:00,709.66,709.89,709.66,709.82,24236,427,709.833289
2026-09-10T16:23:00+00:00,709.82,709.83,709.69,709.83,20512,447,709.762704
2026-09-10T16:24:00+00:00,709.805,709.87,709.69,709.7516,18331,470,709.769824
2026-09-10T16:25:00+00:00,709.76,709.84,709.52,709.565,43227,791,709.61809
2026-09-10T16:26:00+00:00,709.56,709.6,709.4337,709.45,30481,574,709.526508
2026-09-10T16:27:00+00:00,709.44,709.51,709.3325,709.38,38899,600,709.431992
2026-09-10T16:28:00+00:00,709.35,709.53,709.34,709.435,33203,661,709.430071
2026-09-10T16:29:00+00:00,709.43,709.6968,709.43,709.67,55474,688,709.606356
2026-09-10T16:30:00+00:00,709.635,709.95,709.63,709.825,50805,994,709.856406
2026-09-10T16:31:00+00:00,709.81,709.95,709.74,709.8,23550,622,709.87075
2026-09-10T16:32:00+00:00,709.825,710.1,709.66,709.9213,52300,1008,709.944167
2026-09-10T16:33:00+00:00,709.96,710.01,709.84,709.92,22950,601,709.958638
2026-09-10T16:34:00+00:00,709.9,709.9,708.98,709.08,250235,4680,709.392723
2026-09-10T16:35:00+00:00,709.04,709.14,708.63,708.93,68896,1388,708.878713
2026-09-10T16:36:00+00:00,708.935,709.39,708.93,709.35,39247,779,709.233251
2026-09-10T16:37:00+00:00,709.335,709.57,709.275,709.44,25601,646,709.399428
2026-09-10T16:38:00+00:00,709.44,709.61,709.34,709.4,18850,512,709.444313
2026-09-10T16:39:00+00:00,709.37,709.57,709.37,709.505,27649,443,709.503285
2026-09-10T16:40:00+00:00,709.5163,709.83,709.51,709.83,19281,541,709.640772
2026-09-10T16:41:00+00:00,709.76,710,709.65,709.98,32492,661,709.797954
2026-09-10T16:42:00+00:00,710,710.0735,709.87,709.99,17078,498,709.966452
2026-09-10T16:43:00+00:00,709.99,710.2,709.9,710.17,37943,585,710.030021
2026-09-10T16:44:00+00:00,710.18,710.57,710.1001,710.42,49854,711,710.297123
2026-09-10T16:45:00+00:00,710.4231,710.8395,710.4,710.6896,51021,746,710.630943
2026-09-10T16:46:00+00:00,710.69,711.21,710.645,711.07,71224,1239,710.847926
2026-09-10T16:47:00+00:00,711.13,711.13,710.8,710.8233,59926,1050,710.957028
2026-09-10T16:48:00+00:00,710.84,710.87,710.7,710.73,60188,792,710.798638
2026-09-10T16:49:00+00:00,710.73,710.75,710.365,710.46,96508,706,710.53136
2026-09-10T16:50:00+00:00,710.445,710.64,710.445,710.49,25765,541,710.51749
2026-09-10T16:51:00+00:00,710.52,710.65,710.44,710.44,16191,512,710.557821
2026-09-10T16:52:00+00:00,710.45,710.84,710.3801,710.73,31434,585,710.556777
2026-09-10T16:53:00+00:00,710.745,710.98,710.68,710.94,78153,1362,710.857045
2026-09-10T16:54:00+00:00,710.9401,711.08,710.93,711.061,48993,836,711.017353
2026-09-10T16:55:00+00:00,711.07,711.25,710.93,711.185,57848,950,711.135054
2026-09-10T16:56:00+00:00,711.185,711.2,711.07,711.13,38110,904,711.136282
2026-09-10T16:57:00+00:00,711.13,711.16,710.91,710.98,30111,667,711.042158
2026-09-10T16:58:00+00:00,710.97,711.17,710.96,711.08,16189,484,711.068471
2026-09-10T16:59:00+00:00,711.1,711.15,710.84,711.03,23742,577,710.96337
2026-09-10T17:00:00+00:00,711.0079,711.0558,710.78,711,37591,758,710.962249
2026-09-10T17:01:00+00:00,711.02,711.07,710.95,710.99,17301,388,711.007769
2026-09-10T17:02:00+00:00,710.98,711.83,710.9796,711.07,221475,3052,711.505588
2026-09-10T17:03:00+00:00,711.08,711.09,710.55,710.55,79061,1250,710.783667
2026-09-10T17:04:00+00:00,710.55,710.88,710.55,710.88,39206,772,710.659332
2026-09-10T17:05:00+00:00,710.88,711.11,710.84,710.9767,22852,580,710.966388
2026-09-10T17:06:00+00:00,710.95,711.14,710.68,710.935,52906,1058,710.843914
2026-09-10T17:07:00+00:00,710.91,711.0691,710.8801,711.02,14902,408,710.980481
2026-09-10T17:08:00+00:00,711.01,711.135,710.85,710.92,15977,493,710.997006
2026-09-10T17:09:00+00:00,710.89,711.025,710.86,710.91,11939,343,710.91881
2026-09-10T17:10:00+00:00,710.89,711.39,710.89,711.34,53003,819,711.272498
2026-09-10T17:11:00+00:00,711.345,711.345,711.18,711.24,20535,495,711.253171
2026-09-10T17:12:00+00:00,711.2474,711.34,711.2,711.25,24973,564,711.266235
2026-09-10T17:13:00+00:00,711.265,711.265,710.96,710.99,24280,433,711.125732
2026-09-10T17:14:00+00:00,711.02,711.07,710.82,710.83,15145,405,710.915285
2026-09-10T17:15:00+00:00,710.84,710.94,710.77,710.86,21599,388,710.857375
2026-09-10T17:16:00+00:00,710.88,711.01,710.88,710.98,11197,524,710.953319
2026-09-10T17:17:00+00:00,710.965,710.99,710.78,710.8999,21549,474,710.837553
2026-09-10T17:18:00+00:00,710.9001,710.95,710.7125,710.825,19206,501,710.798682
2026-09-10T17:19:00+00:00,710.7648,710.8051,710.655,710.805,16452,413,710.740666
2026-09-10T17:20:00+00:00,710.81,710.84,710.64,710.7799,31733,562,710.697345
2026-09-10T17:21:00+00:00,710.765,710.765,710.59,710.61,12060,407,710.664469
2026-09-10T17:22:00+00:00,710.61,710.75,710.59,710.665,10635,380,710.662906
2026-09-10T17:23:00+00:00,710.67,710.68,710.47,710.485,19167,554,710.588436
2026-09-10T17:24:00+00:00,710.49,710.55,710.43,710.5,19479,499,710.496201
2026-09-10T17:25:00+00:00,710.52,710.54,710.24,710.3,54647,915,710.400288
2026-09-10T17:26:00+00:00,710.29,710.455,710.26,710.45,26885,641,710.35398
2026-09-10T17:27:00+00:00,710.44,710.49,710.305,710.4,20875,498,710.408746
2026-09-10T17:28:00+00:00,710.39,710.51,710.3,710.46,21617,585,710.420702
2026-09-10T17:29:00+00:00,710.45,710.55,710.4,710.49,14686,474,710.454459
2026-09-10T17:30:00+00:00,710.468,710.47,710.2,710.31,25311,788,710.287886
2026-09-10T17:31:00+00:00,710.3,710.48,710.23,710.43,27048,740,710.411745
2026-09-10T17:32:00+00:00,710.43,710.5875,710.29,710.33,66347,746,710.384244
2026-09-10T17:33:00+00:00,710.33,710.34,710.2,710.26,25432,657,710.281367
2026-09-10T17:34:00+00:00,710.3,710.52,710.27,710.34,26228,706,710.367366
2026-09-10T17:35:00+00:00,710.34,710.59,710.29,710.56,23238,583,710.430754
2026-09-10T17:36:00+00:00,710.55,710.57,710.28,710.28,56577,732,710.409156
2026-09-10T17:37:00+00:00,710.28,710.34,709.99,709.99,59352,895,710.091865
2026-09-10T17:38:00+00:00,709.985,710.05,709.91,709.97,35125,712,709.963007
2026-09-10T17:39:00+00:00,709.941,709.97,709.695,709.71,55065,952,709.874104
2026-09-10T17:40:00+00:00,709.7,709.785,709.66,709.745,22175,619,709.735839
2026-09-10T17:41:00+00:00,709.76,709.9905,709.75,709.99,46488,681,709.872502
2026-09-10T17:42:00+00:00,709.99,710.02,709.93,710.02,23289,534,709.978287
2026-09-10T17:43:00+00:00,710.06,710.25,710.06,710.2001,21703,533,710.152234
2026-09-10T17:44:00+00:00,710.2,710.31,710.165,710.27,20801,646,710.245115
2026-09-10T17:45:00+00:00,710.3,710.35,710.1,710.17,19975,578,710.191865
2026-09-10T17:46:00+00:00,710.165,710.19,709.94,709.97,15897,432,710.079421
2026-09-10T17:47:00+00:00,709.98,710.1399,709.95,709.95,43745,5713,710.032904
2026-09-10T17:48:00+00:00,709.95,710.13,709.93,709.94,613505,551,710.030352
2026-09-10T17:49:00+00:00,709.945,710.05,709.93,709.97,18679,471,709.971609
2026-09-10T17:50:00+00:00,709.985,710.09,709.96,710.08,19408,475,710.024441
2026-09-10T17:51:00+00:00,710.06,710.2,710.06,710.1899,44510,675,710.098442
2026-09-10T17:52:00+00:00,710.19,710.31,710.08,710.0831,17315,548,710.1818
2026-09-10T17:53:00+00:00,710.09,710.12,709.8,710.065,42374,1088,709.977325
2026-09-10T17:54:00+00:00,710.03,710.11,710.01,710.0875,11888,419,710.059946
2026-09-10T17:55:00+00:00,710.09,710.14,709.83,709.86,21974,578,709.910304
2026-09-10T17:56:00+00:00,709.85,709.96,709.84,709.94,19853,487,709.888395
2026-09-10T17:57:00+00:00,709.92,710.21,709.89,709.91,16556,556,710.02816
2026-09-10T17:58:00+00:00,709.9249,710.05,709.88,709.99,17683,597,709.9672
2026-09-10T17:59:00+00:00,710.01,710.04,709.8806,709.8995,11871,475,709.955606
2026-09-10T18:00:00+00:00,709.88,710.2,709.81,710.17,77033,648,709.948991
2026-09-10T18:01:00+00:00,710.21,710.23,709.66,709.675,26709,802,709.970071
2026-09-10T18:02:00+00:00,709.67,709.73,709.49,709.577,40854,883,709.59244
2026-09-10T18:03:00+00:00,709.56,709.565,709.33,709.455,47638,888,709.414447
2026-09-10T18:04:00+00:00,709.4401,709.63,709.43,709.47,19595,732,709.505145
2026-09-10T18:05:00+00:00,709.45,709.49,709.22,709.36,51077,943,709.334665
2026-09-10T18:06:00+00:00,709.36,709.585,709.34,709.53,38709,774,709.439995
2026-09-10T18:07:00+00:00,709.51,709.72,709.51,709.61,25793,658,709.652616
2026-09-10T18:08:00+00:00,709.64,709.67,709.52,709.52,17620,555,709.584693
2026-09-10T18:09:00+00:00,709.46,709.46,709.12,709.21,24032,720,709.284774
2026-09-10T18:10:00+00:00,709.21,709.21,708.97,709.125,52852,1004,709.077861
2026-09-10T18:11:00+00:00,709.155,709.275,709.145,709.23,22805,556,709.218719
2026-09-10T18:12:00+00:00,709.18,709.275,709.09,709.275,27467,568,709.148081
2026-09-10T18:13:00+00:00,709.27,709.38,709.22,709.325,33145,619,709.298014
2026-09-10T18:14:00+00:00,709.33,709.45,709.235,709.235,28927,691,709.343551
2026-09-10T18:15:00+00:00,709.245,709.245,709,709.145,31650,759,709.110301
2026-09-10T18:16:00+00:00,709.13,709.295,708.98,709.01,43353,831,709.131392
2026-09-10T18:17:00+00:00,709.03,709.12,708.99,709.07,64840,894,709.029623
2026-09-10T18:18:00+00:00,709.09,709.13,708.99,709.09,65711,634,709.075861
2026-09-10T18:19:00+00:00,709.1,709.3,709.08,709.28,31431,778,709.175723
2026-09-10T18:20:00+00:00,709.275,709.64,709.275,709.56,46325,993,709.492536
2026-09-10T18:21:00+00:00,709.57,709.62,709.48,709.505,32906,761,709.537064
2026-09-10T18:22:00+00:00,709.49,709.71,709.49,709.66,25348,552,709.64262
2026-09-10T18:23:00+00:00,709.66,709.6601,709.45,709.55,32001,584,709.542386
2026-09-10T18:24:00+00:00,709.54,709.57,709.41,709.4199,28219,498,709.5141
2026-09-10T18:25:00+00:00,709.42,709.53,709.245,709.245,29828,644,709.382709
2026-09-10T18:26:00+00:00,709.25,709.32,709.08,709.099,46291,801,709.213756
2026-09-10T18:27:00+00:00,709.1,709.18,709.09,709.12,35650,428,709.133694
2026-09-10T18:28:00+00:00,709.12,709.43,709.12,709.35,34211,762,709.319157
2026-09-10T18:29:00+00:00,709.32,709.32,709.17,709.2099,18306,552,709.249359
2026-09-10T18:30:00+00:00,709.18,709.18,709.02,709.1,47727,807,709.08583
2026-09-10T18:31:00+00:00,709.1,709.2,709.085,709.2,22985,597,709.120918
2026-09-10T18:32:00+00:00,709.21,709.21,709.05,709.11,17198,527,709.125862
2026-09-10T18:33:00+00:00,709.09,709.14,708.96,709.02,31508,679,709.051745
2026-09-10T18:34:00+00:00,709,709.37,708.9213,709.3401,65782,967,709.145474
2026-09-10T18:35:00+00:00,709.34,709.42,709.17,709.42,40836,667,709.305486
2026-09-10T18:36:00+00:00,709.39,709.4699,709.33,709.4394,40799,702,709.406093
2026-09-10T18:37:00+00:00,709.36,709.41,709.29,709.35,52858,557,709.370716
2026-09-10T18:38:00+00:00,709.355,709.4999,709.255,709.48,18468,469,709.351912
2026-09-10T18:39:00+00:00,709.47,709.62,709.39,709.605,57356,814,709.528597
2026-09-10T18:40:00+00:00,709.61,709.62,709.48,709.51,25687,564,709.539626
2026-09-10T18:41:00+00:00,709.5,709.6,709.425,709.48,24985,472,709.492525
2026-09-10T18:42:00+00:00,709.47,709.53,709.44,709.48,20565,432,709.488205
2026-09-10T18:43:00+00:00,709.49,709.6,709.38,709.4901,27130,577,709.485479
2026-09-10T18:44:00+00:00,709.5,709.61,709.5,709.55,16302,392,709.573314
2026-09-10T18:45:00+00:00,709.54,709.58,709.365,709.4,34204,505,709.438006
2026-09-10T18:46:00+00:00,709.43,709.535,709.32,709.38,53295,516,709.392839
2026-09-10T18:47:00+00:00,709.389,709.389,709.31,709.3251,9650,329,709.346037
2026-09-10T18:48:00+00:00,709.33,709.3351,709.0101,709.14,37971,690,709.12169
2026-09-10T18:49:00+00:00,709.17,709.8291,709.16,709.4,58833,1087,709.484671
2026-09-10T18:50:00+00:00,709.4,709.53,709.13,709.53,64076,624,709.324737
2026-09-10T18:51:00+00:00,709.51,710.18,709.455,709.94,86382,1532,709.834069
2026-09-10T18:52:00+00:00,709.92,710.18,709.82,710.11,413527,912,709.951487
2026-09-10T18:53:00+00:00,710.09,710.16,709.86,710.02,33791,793,710.020598
2026-09-10T18:54:00+00:00,709.99,710.065,709.73,709.77,24886,742,709.903179
2026-09-10T18:55:00+00:00,709.77,709.9263,709.73,709.924,57319,867,709.804498
2026-09-10T18:56:00+00:00,709.906,709.9663,709.79,709.79,46159,658,709.879523
2026-09-10T18:57:00+00:00,709.7746,709.79,709.51,709.63,33792,712,709.659347
2026-09-10T18:58:00+00:00,709.6,709.63,709.42,709.54,28841,558,709.499615
2026-09-10T18:59:00+00:00,709.525,709.66,709.525,709.575,16090,398,709.599963
2026-09-10T19:00:00+00:00,709.57,709.61,709.33,709.44,58205,875,709.467392
2026-09-10T19:01:00+00:00,709.45,709.53,709.21,709.21,57120,842,709.409085
2026-09-10T19:02:00+00:00,709.21,709.31,709.15,709.177,97855,897,709.260598
2026-09-10T19:03:00+00:00,709.16,709.31,709.05,709.2791,37174,735,709.14788
2026-09-10T19:04:00+00:00,709.27,709.315,709.03,709.0326,31503,645,709.174542
2026-09-10T19:05:00+00:00,709.05,709.128,709.02,709.0725,29172,581,709.062005
2026-09-10T19:06:00+00:00,709.075,709.19,708.945,709.0601,60835,938,709.072668
2026-09-10T19:07:00+00:00,709.0625,709.19,708.82,708.845,59304,982,709.039253
2026-09-10T19:08:00+00:00,708.85,709,708.79,708.805,30319,780,708.890244
2026-09-10T19:09:00+00:00,708.815,709.401,708.8,709.37,86361,1317,709.109357
2026-09-10T19:10:00+00:00,709.345,709.4299,709.08,709.125,41660,676,709.310989
2026-09-10T19:11:00+00:00,709.11,709.1599,708.8,708.875,42760,691,709.012758
2026-09-10T19:12:00+00:00,708.87,709.15,708.84,709.06,29809,710,708.973331
2026-09-10T19:13:00+00:00,709.05,709.22,709.05,709.0948,34445,672,709.140378
2026-09-10T19:14:00+00:00,709.07,709.18,709.01,709.1386,24961,484,709.11363
2026-09-10T19:15:00+00:00,709.135,709.325,709.07,709.12,26390,616,709.19698
2026-09-10T19:16:00+00:00,709.1,709.14,708.995,709,29769,621,709.046461
2026-09-10T19:17:00+00:00,709,709.13,708.78,708.81,35336,585,708.954837
2026-09-10T19:18:00+00:00,708.805,708.86,708.67,708.79,39197,755,708.760835
2026-09-10T19:19:00+00:00,708.795,708.84,708.7,708.84,43814,711,708.753241
2026-09-10T19:20:00+00:00,708.82,709,708.74,708.785,38207,905,708.874863
2026-09-10T19:21:00+00:00,708.8,708.86,708.74,708.84,30212,752,708.776464
2026-09-10T19:22:00+00:00,708.86,708.95,708.85,708.905,51759,853,708.896767
2026-09-10T19:23:00+00:00,708.9,708.93,708.71,708.72,28277,650,708.816669
2026-09-10T19:24:00+00:00,708.705,709.13,708.69,709.09,63000,1017,708.898788
2026-09-10T19:25:00+00:00,709.085,709.23,709.02,709.03,38896,813,709.127222
2026-09-10T19:26:00+00:00,709.03,709.1381,709.02,709.05,44057,577,709.067131
2026-09-10T19:27:00+00:00,709.06,709.225,709.05,709.2,35738,718,709.119123
2026-09-10T19:28:00+00:00,709.19,709.27,709.075,709.235,63725,1076,709.167471
2026-09-10T19:29:00+00:00,709.2,709.29,709.14,709.18,32909,843,709.212846
2026-09-10T19:30:00+00:00,709.17,709.24,708.97,708.97,92879,1403,709.094891
2026-09-10T19:31:00+00:00,708.935,709.12,708.83,709.07,57306,1256,708.936133
2026-09-10T19:32:00+00:00,709.06,709.17,709.01,709.06,176830,1197,709.090084
2026-09-10T19:33:00+00:00,709.06,709.2,709.01,709.145,46074,1080,709.10498
2026-09-10T19:34:00+00:00,709.14,709.35,709.14,709.2826,57800,976,709.245193
2026-09-10T19:35:00+00:00,709.27,709.3,708.98,708.98,119859,715,709.128221
2026-09-10T19:36:00+00:00,708.99,709.18,708.98,709.09,38094,942,709.078904
2026-09-10T19:37:00+00:00,709.11,709.12,708.83,708.96,49472,858,708.969909
2026-09-10T19:38:00+00:00,708.94,709.23,708.88,709.19,66514,1425,709.013138
2026-09-10T19:39:00+00:00,709.17,709.32,709.11,709.17,57783,1150,709.210078
2026-09-10T19:40:00+00:00,709.175,709.34,709.14,709.17,34223,892,709.254868
2026-09-10T19:41:00+00:00,709.18,709.27,709.09,709.2,31627,906,709.170592
2026-09-10T19:42:00+00:00,709.18,709.33,709.18,709.33,44642,893,709.261948
2026-09-10T19:43:00+00:00,709.335,709.43,709.25,709.41,63046,1076,709.353779
2026-09-10T19:44:00+00:00,709.39,709.4,709.1,709.135,78289,1472,709.255675
2026-09-10T19:45:00+00:00,709.135,709.35,709.1,709.33,82132,1338,709.217024
2026-09-10T19:46:00+00:00,709.32,709.34,709,709,65248,1157,709.194943
2026-09-10T19:47:00+00:00,709.0016,709.17,708.89,709.06,133071,997,709.077367
2026-09-10T19:48:00+00:00,709.06,709.1,708.89,708.95,61380,954,708.993187
2026-09-10T19:49:00+00:00,708.95,709.22,708.93,709.18,46124,1067,709.095711
2026-09-10T19:50:00+00:00,709.17,709.41,708.82,708.83,118779,2348,709.02893
2026-09-10T19:51:00+00:00,708.82,708.85,708.585,708.73,130749,2565,708.735028
2026-09-10T19:52:00+00:00,708.71,708.72,708.41,708.44,156976,2844,708.556511
2026-09-10T19:53:00+00:00,708.44,708.64,708.28,708.61,154535,2479,708.453973
2026-09-10T19:54:00+00:00,708.63,708.7,708.32,708.61,199493,3141,708.540484
2026-09-10T19:55:00+00:00,708.6,708.86,708.52,708.66,151057,2416,708.651588
2026-09-10T19:56:00+00:00,708.66,708.705,708.4601,708.54,116810,2158,708.565726
2026-09-10T19:57:00+00:00,708.56,708.695,708.42,708.625,171461,2876,708.517388
2026-09-10T19:58:00+00:00,708.62,708.71,708.535,708.64,190750,2811,708.618457
2026-09-10T19:59:00+00:00,708.65,708.78,708.35,708.63,501478,5827,708.54039
2026-09-10T20:00:00+00:00,708.62,708.88,708.54,708.78,525553,294,708.691322
2026-09-10T20:01:00+00:00,708.72,708.75,708.5,708.5,17644,100,708.681292
2026-09-10T20:02:00+00:00,708.6,708.64,708.5,708.61,8327,48,708.591741
2026-09-10T20:03:00+00:00,708.5,708.57,708.5,708.5338,303750,107,708.531023
2026-09-10T20:04:00+00:00,708.5,708.555,708.485,708.555,6606,67,708.500338
2026-09-10T20:05:00+00:00,708.5799,708.63,708.38,708.62,21471,114,708.509098
2026-09-10T20:06:00+00:00,708.76,708.78,708.7062,708.74,24901,126,708.733205
2026-09-10T20:07:00+00:00,708.74,708.77,708.62,708.64,18275,78,708.715123
2026-09-10T20:08:00+00:00,708.66,708.83,708.65,708.67,30166,104,708.808395
2026-09-10T20:09:00+00:00,708.6713,708.74,708.6713,708.74,1602,27,708.710734
2026-09-10T20:10:00+00:00,708.75,708.95,708.59,708.93,13706,139,708.726526
2026-09-10T20:11:00+00:00,708.92,708.99,708.9,708.9,30337,221,708.963397
2026-09-10T20:12:00+00:00,708.83,709,708.83,709,963448,100,708.919073
2026-09-10T20:13:00+00:00,708.97,708.99,708.91,708.96,9320,98,708.958952
2026-09-10T20:14:00+00:00,709,709.11,708.99,709.05,45716,147,709.061318
2026-09-10T20:15:00+00:00,709.02,709.02,708.91,708.9293,6173,57,708.977635
2026-09-10T20:16:00+00:00,708.98,709.0169,708.95,708.95,9617,47,708.986502
2026-09-10T20:17:00+00:00,708.9653,708.9653,708.95,708.95,973,31,708.951487
2026-09-10T20:18:00+00:00,709,709.01,708.97,709.01,5529,48,708.999998
2026-09-10T20:19:00+00:00,709.01,709.02,708.95,708.96,3004,46,708.988011
2026-09-10T20:20:00+00:00,709,709.04,708.971,709.04,2778,40,709.017438
2026-09-10T20:21:00+00:00,709.039,709.05,709.01,709.01,7796,50,709.038909
2026-09-10T20:22:00+00:00,708.99,709.02,708.95,708.96,1092,34,709.000872
2026-09-10T20:23:00+00:00,708.97,708.97,708.95,708.97,1084,25,708.95501
2026-09-10T20:24:00+00:00,709.02,709.05,708.99,709.02,6980,46,709.03081
2026-09-10T20:25:00+00:00,709.03,709.03,709.01,709.01,657,16,709.027182
2026-09-10T20:26:00+00:00,709.0099,709.02,709,709,2234,24,709.003319
2026-09-10T20:27:00+00:00,709.04,709.04,708.95,709.01,6309,54,709.007866
2026-09-10T20:29:00+00:00,708.9,709.4889,708.78,708.84,82190,72,709.412014
2026-09-10T20:30:00+00:00,708.88,708.94,708.88,708.92,6195,29,708.935172
2026-09-10T20:31:00+00:00,708.87,708.9,708.85,708.85,15816,126,708.880089
2026-09-10T20:32:00+00:00,708.85,708.89,708.85,708.89,3082,29,708.871988
2026-09-10T20:33:00+00:00,708.89,708.91,708.87,708.89,14864,109,708.886272
2026-09-10T20:34:00+00:00,708.9169,708.95,708.86,708.95,5932,45,708.898007
2026-09-10T20:35:00+00:00,708.9,708.97,708.9,708.97,4580,66,708.958409
2026-09-10T20:36:00+00:00,708.95,708.95,708.94,708.94,1722,28,708.941558
2026-09-10T20:37:00+00:00,708.89,708.98,708.89,708.98,10033,57,708.923011
2026-09-10T20:38:00+00:00,708.9,709.02,708.9,709.01,73428,95,708.980629
2026-09-10T20:39:00+00:00,709,709.05,708.95,709,20329,99,709.003434
2026-09-10T20:40:00+00:00,708.97,708.97,708.93,708.93,6639,38,708.939029
2026-09-10T20:41:00+00:00,708.94,708.99,708.93,708.99,10216,46,708.940121
2026-09-10T20:42:00+00:00,708.96,708.96,708.92,708.92,2620,15,708.921539
2026-09-10T20:43:00+00:00,708.96,709,708.95,709,1074,27,708.967952
2026-09-10T20:44:00+00:00,708.99,709.01,708.99,709,6129,24,708.999913
2026-09-10T20:45:00+00:00,709,709.05,709,709.03,2813,60,709.030017
2026-09-10T20:46:00+00:00,709.02,709.02,709.02,709.02,877,17,709.02
2026-09-10T20:47:00+00:00,708.95,708.95,708.89,708.89,466,42,708.900345
2026-09-10T20:48:00+00:00,708.88,708.99,708.88,708.99,4399,46,708.924799
2026-09-10T20:49:00+00:00,708.96,708.97,708.9,708.95,3326,47,708.923583
2026-09-10T20:50:00+00:00,708.88,708.9157,708.84,708.9,6127,44,708.883036
2026-09-10T20:52:00+00:00,708.96,709,708.96,709,709,25,708.997032
2026-09-10T20:53:00+00:00,709,709,709,709,390,12,709
2026-09-10T20:54:00+00:00,709,709,708.98,708.98,496,18,708.996178
2026-09-10T20:56:00+00:00,709,709.022,708.98,709.022,1285,24,708.995167
2026-09-10T20:57:00+00:00,708.98,708.98,708.88,708.95,1846,37,708.960808
2026-09-10T20:58:00+00:00,708.94,708.97,708.5,708.6,6275,111,708.790245
2026-09-10T20:59:00+00:00,708.69,708.69,708.63,708.63,1400,15,708.650542
2026-09-10T21:00:00+00:00,708.83,708.98,708.83,708.98,991,39,708.881856
2026-09-10T21:01:00+00:00,708.96,708.96,708.85,708.85,98722,68,708.923871
2026-09-10T21:02:00+00:00,708.94,709.1,708.94,709.06,2183,83,708.964851
2026-09-10T21:03:00+00:00,709.1,709.1,708.79,709,3234,98,708.927422
2026-09-10T21:04:00+00:00,709.01,709.14,709.01,709.01,1260,33,709.016436
2026-09-10T21:05:00+00:00,709.08,709.08,709.08,709.08,107,11,709.08
2026-09-10T21:06:00+00:00,709.1,709.1,709.0176,709.09,1056,39,709.086462
2026-09-10T21:07:00+00:00,709.09,709.09,708.9463,709.09,1622,53,709.061402
2026-09-10T21:08:00+00:00,709.16,709.16,709.08,709.08,324,30,709.099512
2026-09-10T21:09:00+00:00,709.12,709.2,709.02,709.2,6560,95,709.1467
2026-09-10T21:10:00+00:00,709.18,709.2,709.11,709.11,4036,82,709.171664
2026-09-10T21:11:00+00:00,709.1302,709.3,709.1302,709.24,4248,106,709.236317
2026-09-10T21:12:00+00:00,709.16,709.24,709.16,709.2,2452,68,709.204256
2026-09-10T21:13:00+00:00,709.2,709.22,709.19,709.2,1279,107,709.202441
2026-09-10T21:14:00+00:00,709.22,709.35,709.2,709.35,15304,123,709.279075
2026-09-10T21:15:00+00:00,709.3,709.3,709.25,709.25,1050,84,709.255745
2026-09-10T21:16:00+00:00,709.14,709.19,709.14,709.19,1498,23,709.14614
2026-09-10T21:17:00+00:00,709.1401,709.1401,709.07,709.1,2831,131,709.102767
2026-09-10T21:18:00+00:00,709.07,709.14,709.06,709.1,2926,41,709.122062
2026-09-10T21:19:00+00:00,709.07,709.08,709.07,709.08,1331,31,709.072539
2026-09-10T21:20:00+00:00,709.09,709.09,709.05,709.05,1761,28,709.057864
2026-09-10T21:21:00+00:00,709.05,709.05,709,709.05,1878,31,709.022482
2026-09-10T21:22:00+00:00,709.001,709.001,709.001,709.001,446,16,709.001
2026-09-10T21:23:00+00:00,709,709,709,709,220895,26,709
2026-09-10T21:24:00+00:00,709.01,709.0169,708.95,708.96,1882,67,708.996876
2026-09-10T21:25:00+00:00,708.93,708.93,708.93,708.93,1108,13,708.93
2026-09-10T21:26:00+00:00,709.02,709.02,709.0199,709.0199,116,14,709.01995
2026-09-10T21:27:00+00:00,708.93,709.02,708.9,709.02,2662,26,708.92172
2026-09-10T21:28:00+00:00,709.02,709.02,708.99,709.01,742,34,709.005833
2026-09-10T21:29:00+00:00,708.9,708.94,708.9,708.9,1519,35,708.909951
2026-09-10T21:30:00+00:00,708.91,709.2,708.91,709.2,1170,20,709.053003
2026-09-10T21:32:00+00:00,709.01,709.01,708.92,708.92,1387,46,708.951536
2026-09-10T21:33:00+00:00,708.91,708.91,708.91,708.91,179,9,708.91
2026-09-10T21:34:00+00:00,708.92,708.92,708.83,708.83,914,23,708.913337
2026-09-10T21:35:00+00:00,708.84,708.84,708.83,708.83,1125,37,708.832106
2026-09-10T21:36:00+00:00,708.83,708.83,708.7,708.81,798,47,708.78931
2026-09-10T21:37:00+00:00,708.61,708.61,708.61,708.61,292,53,708.61
2026-09-10T21:38:00+00:00,708.73,708.83,708.71,708.83,2777,34,708.812424
2026-09-10T21:39:00+00:00,708.62,708.85,708.61,708.69,6582,93,708.813828
2026-09-10T21:40:00+00:00,708.7791,708.79,708.7791,708.79,1128,25,708.78476
2026-09-10T21:41:00+00:00,708.75,708.75,708.75,708.75,265,15,708.75
2026-09-10T21:42:00+00:00,708.63,708.68,708.63,708.6301,1597,58,708.647235
2026-09-10T21:43:00+00:00,708.63,708.63,708.44,708.45,1710,85,708.518114
2026-09-10T21:44:00+00:00,708.3232,708.45,708.3232,708.45,1916,14,708.443361
2026-09-10T21:45:00+00:00,708.45,708.59,708.45,708.59,1734,27,708.466466
2026-09-10T21:46:00+00:00,708.56,708.5899,708.45,708.5899,862,43,708.483033
2026-09-10T21:47:00+00:00,708.59,708.59,708.45,708.55,920,33,708.523125
2026-09-10T21:48:00+00:00,708.75,708.76,708.7,708.7,799,26,708.748577
2026-09-10T21:49:00+00:00,708.81,708.81,708.63,708.63,179,18,708.682174
2026-09-10T21:51:00+00:00,708.71,708.77,708.6,708.7015,2123,42,708.665733
2026-09-10T21:52:00+00:00,708.7,708.7,708.63,708.63,4174,112,708.693355
2026-09-10T21:55:00+00:00,708.75,708.75,708.75,708.75,128,10,708.75
2026-09-10T21:56:00+00:00,708.79,708.79,708.79,708.79,92,17,708.79
2026-09-10T21:57:00+00:00,708.79,708.85,708.63,708.85,1870,48,708.782353
2026-09-10T22:00:00+00:00,708.85,709.05,708.85,708.95,1768,37,708.964246
2026-09-10T22:01:00+00:00,708.94,709,708.94,708.96,1166,24,708.983194
2026-09-10T22:02:00+00:00,708.8,708.92,708.77,708.92,5918,43,708.801589
2026-09-10T22:03:00+00:00,708.92,708.94,708.83,708.83,495,15,708.914211
2026-09-10T22:04:00+00:00,708.95,708.95,708.95,708.95,124,12,708.95
2026-09-10T22:06:00+00:00,708.84,708.86,708.84,708.86,334,14,708.846667
2026-09-10T22:07:00+00:00,708.71,708.71,708.6216,708.6216,899,28,708.680753
2026-09-10T22:08:00+00:00,708.64,708.79,708.64,708.79,289,10,708.693571
2026-09-10T22:09:00+00:00,708.84,708.84,708.84,708.84,248,9,708.84
2026-09-10T22:10:00+00:00,708.84,708.9,708.8,708.9,1640,24,708.839279
2026-09-10T22:11:00+00:00,708.9,708.95,708.9,708.95,193,11,708.916667
2026-09-10T22:12:00+00:00,708.9,708.9,708.84,708.84,774,16,708.863968
2026-09-10T22:13:00+00:00,708.83,708.83,708.83,708.83,643,9,708.83
2026-09-10T22:14:00+00:00,708.84,708.84,708.83,708.83,569,9,708.839259
2026-09-10T22:15:00+00:00,708.8,708.8,708.8,708.8,250,13,708.8
2026-09-10T22:16:00+00:00,708.81,708.81,708.81,708.81,1463,18,708.81
2026-09-10T22:17:00+00:00,708.8,708.8,708.8,708.8,225,15,708.8
2026-09-10T22:19:00+00:00,708.93,708.93,708.91,708.93,321,12,708.925652
2026-09-10T22:20:00+00:00,708.91,708.92,708.91,708.91,457,14,708.911064
2026-09-10T22:21:00+00:00,708.98,709.099,708.98,709.099,1911,25,709.046554
2026-09-10T22:22:00+00:00,709.02,709.02,709,709.0189,841,24,709.017753
2026-09-10T22:23:00+00:00,708.98,708.98,708.94,708.95,230,13,708.957703
2026-09-10T22:24:00+00:00,708.95,708.95,708.75,708.75,734,32,708.896547
2026-09-10T22:25:00+00:00,708.7,708.7,708.7,708.7,241,17,708.7
2026-09-10T22:26:00+00:00,708.69,708.69,708.46,708.46,3284,53,708.554017
2026-09-10T22:27:00+00:00,708.47,708.47,708.36,708.3796,2891,61,708.40939
2026-09-10T22:28:00+00:00,708.38,708.44,708.34,708.44,1219,19,708.382976
2026-09-10T22:29:00+00:00,708.35,708.35,708.2,708.21,3647,73,708.261248
2026-09-10T22:30:00+00:00,708.28,708.29,708.25,708.28,969,12,708.257682
2026-09-10T22:31:00+00:00,708.24,708.24,708.23,708.23,289,20,708.23202
2026-09-10T22:32:00+00:00,708.2,708.2,708.1,708.12,5063,61,708.149331
2026-09-10T22:33:00+00:00,708.19,708.1913,708.17,708.1913,1875,18,708.178214
2026-09-10T22:34:00+00:00,708.19,708.19,708.1124,708.1124,840,22,708.180974
2026-09-10T22:35:00+00:00,708.19,708.19,708.19,708.19,200,17,708.19
2026-09-10T22:36:00+00:00,708.15,708.15,708.1,708.1,2489,24,708.139424
2026-09-10T22:37:00+00:00,708.08,708.14,708.08,708.14,260,9,708.116
2026-09-10T22:38:00+00:00,708.1475,708.15,708.0944,708.0944,779,15,708.13796
2026-09-10T22:39:00+00:00,708.1,708.1,707.95,707.95,5906,285,708.012338
2026-09-10T22:40:00+00:00,707.958,708.02,707.94,707.94,3005,43,707.975685
2026-09-10T22:41:00+00:00,707.94,707.95,707.9,707.9,1784,26,707.924668
2026-09-10T22:42:00+00:00,707.95,708.0299,707.95,708,1411,23,707.992223
2026-09-10T22:43:00+00:00,707.95,707.95,707.91,707.91,11156,51,707.945482
2026-09-10T22:44:00+00:00,707.9,707.94,707.89,707.94,1650,31,707.90101
2026-09-10T22:45:00+00:00,707.9,707.91,707.82,707.88,1819,38,707.854694
2026-09-10T22:46:00+00:00,707.87,707.91,707.8,707.9,1328,40,707.851246
2026-09-10T22:47:00+00:00,707.77,707.91,707.77,707.86,1477,23,707.857943
2026-09-10T22:48:00+00:00,707.93,708,707.93,708,1150,24,707.986822
2026-09-10T22:49:00+00:00,708.06,708.15,708.04,708.15,5550,35,708.107745
2026-09-10T22:50:00+00:00,708.07,708.07,708.07,708.07,156,15,708.07
2026-09-10T22:52:00+00:00,708.07,708.1,708.05,708.05,418,20,708.079077
2026-09-10T22:53:00+00:00,708.05,708.07,708.05,708.07,416,14,708.058
2026-09-10T22:54:00+00:00,707.83,707.83,707.83,707.83,142,21,707.83
2026-09-10T22:55:00+00:00,707.85,707.92,707.85,707.8893,2389,21,707.881194
2026-09-10T22:56:00+00:00,707.9312,707.9312,707.9312,707.9312,92,18,707.9312
2026-09-10T22:57:00+00:00,707.851,707.851,707.851,707.851,164,18,707.851
2026-09-10T22:58:00+00:00,707.88,708,707.88,708,1411,20,707.911607
2026-09-10T22:59:00+00:00,707.939,707.95,707.939,707.95,623,25,707.94
2026-09-10T23:00:00+00:00,707.95,707.95,707.95,707.95,112,7,707.95
2026-09-10T23:01:00+00:00,708.03,708.03,707.9932,707.9932,695,21,708.014418
2026-09-10T23:02:00+00:00,708.08,708.08,708.06,708.06,250,16,708.068095
2026-09-10T23:03:00+00:00,707.95,707.95,707.82,707.89,820,29,707.878427
2026-09-10T23:05:00+00:00,707.86,708,707.86,708,262,10,707.904762
2026-09-10T23:06:00+00:00,707.9592,707.979,707.9592,707.979,370,17,707.973176
2026-09-10T23:08:00+00:00,707.86,707.86,707.86,707.86,186,11,707.86
2026-09-10T23:09:00+00:00,707.97,707.98,707.97,707.98,274,20,707.972778
2026-09-10T23:10:00+00:00,708,708,707.92,707.92,9781,23,707.922102
2026-09-10T23:11:00+00:00,707.904,707.92,707.904,707.92,441,13,707.911366
2026-09-10T23:12:00+00:00,707.91,707.92,707.9,707.9,1000,19,707.91508
2026-09-10T23:13:00+00:00,707.9,707.92,707.9,707.92,102,11,707.911111
2026-09-10T23:14:00+00:00,707.92,707.98,707.92,707.98,1516,18,707.975
2026-09-10T23:15:00+00:00,707.95,707.95,707.94,707.94,152,20,707.943333
2026-09-10T23:16:00+00:00,707.93,707.96,707.93,707.96,1004,7,707.958106
2026-09-10T23:17:00+00:00,707.9554,708,707.93,708,590,14,707.964787
2026-09-10T23:18:00+00:00,708,708,707.98,707.98,1600,16,707.981101
2026-09-10T23:21:00+00:00,707.98,707.98,707.88,707.88,2182,23,707.965714
2026-09-10T23:22:00+00:00,707.88,707.882,707.86,707.87,3201,32,707.879551
2026-09-10T23:24:00+00:00,707.801,707.82,707.76,707.76,3679,64,707.791506
2026-09-10T23:25:00+00:00,707.74,707.82,707.74,707.7716,401,18,707.785069
2026-09-10T23:26:00+00:00,707.8222,707.901,707.8222,707.901,276,16,707.874733
2026-09-10T23:29:00+00:00,707.85,707.86,707.84,707.8401,1688,15,707.841552
2026-09-10T23:31:00+00:00,707.85,707.85,707.85,707.85,1085,17,707.85
2026-09-10T23:32:00+00:00,707.8495,707.9607,707.84,707.9607,1970,27,707.896235
2026-09-10T23:33:00+00:00,707.97,708,707.97,708,536,14,707.981364
2026-09-10T23:34:00+00:00,707.98,707.98,707.9,707.9,1112,7,707.972727
2026-09-10T23:35:00+00:00,707.88,707.88,707.8,707.8,613,21,707.831169
2026-09-10T23:36:00+00:00,707.86,707.91,707.86,707.91,1326,28,707.86869
2026-09-10T23:37:00+00:00,707.85,707.85,707.85,707.85,100,12,707.85
2026-09-10T23:38:00+00:00,707.85,707.85,707.85,707.85,216,11,707.85
2026-09-10T23:39:00+00:00,707.85,707.85,707.85,707.85,862,12,707.85
2026-09-10T23:41:00+00:00,707.86,707.86,707.738,707.738,486,29,707.795556
2026-09-10T23:42:00+00:00,707.77,707.85,707.77,707.85,938,16,707.807701
2026-09-10T23:43:00+00:00,707.8,707.8199,707.8,707.8199,903,12,707.801295
2026-09-10T23:44:00+00:00,707.87,707.89,707.87,707.89,237,10,707.881111
2026-09-10T23:45:00+00:00,707.85,707.85,707.85,707.85,128,8,707.85
2026-09-10T23:46:00+00:00,707.87,707.89,707.85,707.89,354,10,707.871379
2026-09-10T23:47:00+00:00,707.85,707.85,707.79,707.79,2414,22,707.822888
2026-09-10T23:48:00+00:00,707.7,707.7,707.7,707.7,99,4,707.7
2026-09-10T23:49:00+00:00,707.74,707.75,707.74,707.75,714,23,707.743683
2026-09-10T23:50:00+00:00,707.72,707.77,707.65,707.65,870,40,707.714665
2026-09-10T23:51:00+00:00,707.57,707.62,707.57,707.57,876,41,707.579929
2026-09-10T23:52:00+00:00,707.58,707.58,707.55,707.55,528,21,707.562021
2026-09-10T23:53:00+00:00,707.5554,707.5554,707.43,707.46,2841,62,707.488091
2026-09-10T23:54:00+00:00,707.46,707.46,707.35,707.35,3017,48,707.397779
2026-09-10T23:55:00+00:00,707.29,707.29,706.97,706.97,17758,318,707.085808
2026-09-10T23:56:00+00:00,707,707,706.97,707,7543,58,706.994955
2026-09-10T23:57:00+00:00,707,707,706.94,706.9428,1021,32,706.964607
2026-09-10T23:58:00+00:00,706.9,706.95,706.8996,706.8996,4870,42,706.901317
2026-09-10T23:59:00+00:00,706.8996,706.91,706.85,706.8992,7482,75,706.888698
