ts,open,high,low,close,volume,trade_count,vwap
2026-02-19T09:00:00+00:00,605.76,606.06,605.71,605.89,10509,177,605.889377
2026-02-19T09:01:00+00:00,605.88,606.16,605.88,606.07,6107,130,606.091959
2026-02-19T09:02:00+00:00,605.94,606.1,605.92,606.05,3344,83,605.996554
2026-02-19T09:03:00+00:00,606.06,606.06,605.94,605.97,1665,64,606.002799
2026-02-19T09:04:00+00:00,605.91,605.91,605.49,605.49,3120,83,605.625999
2026-02-19T09:05:00+00:00,605.49,605.78,605.45,605.75,1392,37,605.622098
2026-02-19T09:06:00+00:00,605.54,605.67,605.5,605.67,572,20,605.556211
2026-02-19T09:07:00+00:00,605.87,605.92,605.83,605.91,1767,38,605.881481
2026-02-19T09:08:00+00:00,605.91,605.94,605.76,605.77,1564,29,605.854247
2026-02-19T09:09:00+00:00,605.73,606,605.73,606,2256,48,605.909491
2026-02-19T09:10:00+00:00,606,606.16,605.96,605.96,1720,61,606.102298
2026-02-19T09:11:00+00:00,605.91,606.07,605.91,605.98,933,29,606.040651
2026-02-19T09:12:00+00:00,605.99,605.99,605.99,605.99,305,15,605.99
2026-02-19T09:13:00+00:00,605.91,606.09,605.91,606.01,612,16,606.003353
2026-02-19T09:14:00+00:00,606.11,606.11,606.11,606.11,251,15,606.11
2026-02-19T09:15:00+00:00,605.98,606.01,605.76,605.76,344,20,605.947778
2026-02-19T09:16:00+00:00,605.74,605.74,605.5,605.5,2777,55,605.58849
2026-02-19T09:17:00+00:00,605.64,605.64,605.6,605.6,257,8,605.62
2026-02-19T09:18:00+00:00,605.5,605.65,605.5,605.65,802,32,605.546829
2026-02-19T09:19:00+00:00,605.63,605.63,605.63,605.63,83,2,605.63
2026-02-19T09:20:00+00:00,605.64,605.78,605.64,605.73,3772,36,605.678031
2026-02-19T09:21:00+00:00,605.6,605.81,605.59,605.74,4732,52,605.734836
2026-02-19T09:22:00+00:00,605.89,606,605.85,606,1556,32,605.906084
2026-02-19T09:23:00+00:00,606.06,606.11,606.05,606.11,1129,33,606.073396
2026-02-19T09:24:00+00:00,606.09,606.12,605.99,606.05,1098,23,606.048999
2026-02-19T09:25:00+00:00,606.01,606.01,605.85,605.85,1011,21,605.898642
2026-02-19T09:26:00+00:00,605.73,605.75,605.5,605.5,3916,66,605.662083
2026-02-19T09:27:00+00:00,605.45,605.45,605.17,605.28,3026,79,605.248955
2026-02-19T09:28:00+00:00,605.26,605.4,605.18,605.4,3089,56,605.289446
2026-02-19T09:29:00+00:00,605.41,605.41,605.25,605.25,3637,46,605.307323
2026-02-19T09:30:00+00:00,605.31,605.4,605.31,605.33,360,13,605.335417
2026-02-19T09:31:00+00:00,605.36,605.45,605.36,605.45,298,17,605.385714
2026-02-19T09:32:00+00:00,605.5,605.5,605.2,605.2,1030,28,605.439471
2026-02-19T09:33:00+00:00,605.17,605.29,605.05,605.29,944,34,605.163406
2026-02-19T09:34:00+00:00,605.29,605.29,605.29,605.29,102,5,605.29
2026-02-19T09:36:00+00:00,605.05,605.05,604.64,604.79,6113,147,604.757412
2026-02-19T09:37:00+00:00,604.55,604.7,604.55,604.61,2094,60,604.636624
2026-02-19T09:38:00+00:00,604.6,604.75,604.57,604.74,3004,63,604.664239
2026-02-19T09:39:00+00:00,604.6,604.68,604.5,604.59,1562,29,604.54598
2026-02-19T09:40:00+00:00,604.75,604.83,604.61,604.61,1117,25,604.737724
2026-02-19T09:41:00+00:00,604.6,604.63,604.5,604.63,660,17,604.595548
2026-02-19T09:42:00+00:00,604.54,604.6,604.53,604.53,776,19,604.560473
2026-02-19T09:43:00+00:00,604.52,604.56,604.29,604.37,3774,78,604.435555
2026-02-19T09:44:00+00:00,604.45,604.45,604.36,604.38,492,22,604.397813
2026-02-19T09:45:00+00:00,604.43,604.44,604.23,604.25,1327,33,604.372982
2026-02-19T09:46:00+00:00,604.16,604.16,603.64,603.66,3885,108,603.857548
2026-02-19T09:47:00+00:00,603.67,603.72,603.48,603.48,4748,88,603.577281
2026-02-19T09:48:00+00:00,603.52,603.65,603.4,603.49,2980,75,603.512434
2026-02-19T09:49:00+00:00,603.47,603.47,603.28,603.35,3125,73,603.320479
2026-02-19T09:50:00+00:00,603.55,603.59,603.4,603.55,5837,86,603.465877
2026-02-19T09:51:00+00:00,603.65,603.77,603.62,603.62,2793,48,603.66026
2026-02-19T09:52:00+00:00,603.65,603.98,603.65,603.96,4234,69,603.893668
2026-02-19T09:53:00+00:00,604,604.12,603.91,604.07,1877,48,604.007313
2026-02-19T09:54:00+00:00,604.1,604.19,604.06,604.19,1773,35,604.122995
2026-02-19T09:55:00+00:00,604.34,604.38,604.19,604.21,4342,95,604.323674
2026-02-19T09:56:00+00:00,604.18,604.2,604.07,604.2,683,24,604.154113
2026-02-19T09:57:00+00:00,604.21,604.21,604.14,604.15,626,12,604.154908
2026-02-19T09:58:00+00:00,604.13,604.29,604.13,604.21,2756,38,604.252951
2026-02-19T09:59:00+00:00,604.15,604.19,604.15,604.19,480,15,604.158944
2026-02-19T10:00:00+00:00,604.14,604.16,604.1,604.11,585,20,604.11963
2026-02-19T10:01:00+00:00,604.06,604.06,604.06,604.06,101,8,604.06
2026-02-19T10:02:00+00:00,604.15,604.39,604.15,604.39,632,19,604.356049
2026-02-19T10:03:00+00:00,604.45,604.45,603.44,604.02,10264,200,603.812556
2026-02-19T10:04:00+00:00,603.9,603.9,603.64,603.71,890,25,603.668571
2026-02-19T10:05:00+00:00,603.64,603.9,603.4,603.7,3169,63,603.673618
2026-02-19T10:06:00+00:00,603.52,603.65,603.44,603.65,2535,41,603.5239
2026-02-19T10:07:00+00:00,603.68,603.72,603.46,603.49,1309,34,603.525937
2026-02-19T10:08:00+00:00,603.54,603.81,603.53,603.7,1977,39,603.688839
2026-02-19T10:09:00+00:00,603.6,603.66,603.47,603.63,1761,32,603.582075
2026-02-19T10:10:00+00:00,603.56,603.56,603.45,603.5,1936,36,603.499408
2026-02-19T10:11:00+00:00,603.37,603.52,603.28,603.28,4515,62,603.4242
2026-02-19T10:12:00+00:00,603.15,603.45,603.02,603.24,2902,77,603.287996
2026-02-19T10:13:00+00:00,603.17,603.17,602.91,603,12206,152,603.000308
2026-02-19T10:14:00+00:00,603,603.08,602.87,603.04,3152,62,602.943091
2026-02-19T10:15:00+00:00,603.06,603.16,603.05,603.16,4485,56,603.116846
2026-02-19T10:16:00+00:00,603.29,603.37,603.27,603.27,2616,38,603.338375
2026-02-19T10:17:00+00:00,603.33,603.56,603.32,603.53,2741,55,603.388108
2026-02-19T10:18:00+00:00,603.53,603.6,603.5,603.5,1615,27,603.55581
2026-02-19T10:19:00+00:00,603.51,603.55,603.48,603.55,266,12,603.520335
2026-02-19T10:20:00+00:00,603.5,603.5,603.18,603.18,735,17,603.354719
2026-02-19T10:21:00+00:00,603.16,603.16,602.89,602.94,2398,47,602.971857
2026-02-19T10:22:00+00:00,602.85,603.21,602.8,603.21,8578,52,603.098738
2026-02-19T10:23:00+00:00,603.34,603.42,603.2,603.2,632,18,603.246341
2026-02-19T10:24:00+00:00,603.09,603.09,602.95,602.96,1387,25,602.992882
2026-02-19T10:25:00+00:00,603,603.25,603,603.22,1510,21,603.057362
2026-02-19T10:26:00+00:00,603.25,603.3,603.15,603.3,1552,28,603.214928
2026-02-19T10:27:00+00:00,603.3,603.3,603.21,603.21,319,10,603.268537
2026-02-19T10:28:00+00:00,603.22,603.22,603.19,603.19,291,11,603.200488
2026-02-19T10:29:00+00:00,603.06,603.06,603,603.01,632,27,603.041807
2026-02-19T10:30:00+00:00,603.11,603.11,602.66,602.8,2096,64,602.85159
2026-02-19T10:31:00+00:00,602.7,602.93,602.68,602.92,1818,36,602.780601
2026-02-19T10:32:00+00:00,602.98,603.06,602.98,602.98,1054,21,603.00658
2026-02-19T10:33:00+00:00,603,603.17,602.96,603.17,1380,31,603.067003
2026-02-19T10:34:00+00:00,603.15,603.3,603.15,603.3,1104,35,603.240541
2026-02-19T10:35:00+00:00,603.3,603.36,602.82,602.82,4369,56,603.225329
2026-02-19T10:36:00+00:00,602.75,602.99,602.75,602.98,2889,48,602.909248
2026-02-19T10:37:00+00:00,602.84,602.84,602.67,602.68,717,28,602.714984
2026-02-19T10:38:00+00:00,602.74,602.82,602.72,602.8,1002,14,602.766498
2026-02-19T10:39:00+00:00,602.98,603.01,602.98,603,980,27,603.001282
2026-02-19T10:40:00+00:00,603.01,603.15,603.01,603.15,499,15,603.041818
2026-02-19T10:41:00+00:00,603.12,603.17,603.1,603.16,1119,29,603.13658
2026-02-19T10:42:00+00:00,603.12,603.21,603.1,603.21,1194,10,603.196256
2026-02-19T10:43:00+00:00,603.14,603.3,603.14,603.3,798,19,603.238655
2026-02-19T10:44:00+00:00,603.37,603.53,603.37,603.44,5068,52,603.40293
2026-02-19T10:45:00+00:00,603.45,603.45,603.21,603.35,954,22,603.306919
2026-02-19T10:46:00+00:00,603.43,603.5,603.41,603.41,621,27,603.431628
2026-02-19T10:47:00+00:00,603.35,603.71,603.33,603.71,6676,73,603.42644
2026-02-19T10:48:00+00:00,603.53,603.62,603.53,603.62,1242,26,603.609259
2026-02-19T10:49:00+00:00,603.59,603.6,603.46,603.48,2497,38,603.501496
2026-02-19T10:50:00+00:00,603.35,603.39,603.34,603.39,959,25,603.361719
2026-02-19T10:51:00+00:00,603.4,603.4,602.92,602.92,4070,96,603.114644
2026-02-19T10:52:00+00:00,602.95,603.13,602.95,603.11,778,19,603.096208
2026-02-19T10:53:00+00:00,603.15,603.17,603.08,603.08,644,23,603.140066
2026-02-19T10:54:00+00:00,603.04,603.12,603.02,603.02,889,20,603.083115
2026-02-19T10:55:00+00:00,603.04,603.08,602.94,603.06,1449,35,603.015727
2026-02-19T10:56:00+00:00,603.23,603.23,603.15,603.15,756,15,603.174688
2026-02-19T10:57:00+00:00,603.14,603.14,603.14,603.14,104,8,603.14
2026-02-19T10:58:00+00:00,603.22,603.22,603.22,603.22,321,13,603.22
2026-02-19T10:59:00+00:00,603.25,603.25,603.25,603.25,363,14,603.25
2026-02-19T11:01:00+00:00,602.92,603.04,602.92,602.98,1924,33,602.966697
2026-02-19T11:02:00+00:00,602.9,603,602.9,603,468,14,602.952897
2026-02-19T11:03:00+00:00,603.02,603.06,603.02,603.06,613,13,603.026993
2026-02-19T11:04:00+00:00,603.1,603.16,603.1,603.14,1227,15,603.115048
2026-02-19T11:06:00+00:00,603.09,603.22,603.09,603.22,658,9,603.136613
2026-02-19T11:07:00+00:00,603.33,603.33,603.27,603.27,782,17,603.29118
2026-02-19T11:08:00+00:00,603.27,603.31,603.25,603.3,1339,35,603.2996
2026-02-19T11:09:00+00:00,603.54,603.56,603.44,603.55,10898,49,603.545493
2026-02-19T11:10:00+00:00,603.55,603.85,603.55,603.85,2383,34,603.710931
2026-02-19T11:12:00+00:00,603.64,603.66,603.58,603.58,10562,41,603.65844
2026-02-19T11:13:00+00:00,603.57,603.65,603.57,603.65,5613,26,603.646386
2026-02-19T11:14:00+00:00,603.6,603.72,603.6,603.72,3380,27,603.636635
2026-02-19T11:15:00+00:00,603.74,603.76,603.71,603.76,1385,27,603.736159
2026-02-19T11:16:00+00:00,603.68,603.68,603.58,603.58,8684,27,603.626701
2026-02-19T11:17:00+00:00,603.55,603.55,603.42,603.42,1207,16,603.460446
2026-02-19T11:18:00+00:00,603.53,603.53,603.53,603.53,146,5,603.53
2026-02-19T11:19:00+00:00,603.5,603.5,603.45,603.45,1297,16,603.483772
2026-02-19T11:20:00+00:00,603.45,603.69,603.45,603.69,2308,28,603.624973
2026-02-19T11:21:00+00:00,603.74,603.76,603.74,603.76,2479,5,603.758361
2026-02-19T11:22:00+00:00,603.76,603.76,603.75,603.75,3146,23,603.75945
2026-02-19T11:25:00+00:00,603.82,603.99,603.82,603.83,1672,38,603.87083
2026-02-19T11:26:00+00:00,603.75,603.81,603.75,603.81,923,26,603.778076
2026-02-19T11:27:00+00:00,603.93,603.93,603.93,603.93,191,13,603.93
2026-02-19T11:28:00+00:00,603.86,603.86,603.86,603.86,114,6,603.86
2026-02-19T11:29:00+00:00,603.8,603.8,603.72,603.72,958,20,603.739643
2026-02-19T11:30:00+00:00,603.82,603.9,603.82,603.9,593,11,603.862146
2026-02-19T11:31:00+00:00,603.88,604,603.88,603.98,1832,29,603.940903
2026-02-19T11:32:00+00:00,603.91,603.91,603.91,603.91,737,17,603.91
2026-02-19T11:33:00+00:00,603.86,603.86,603.81,603.81,617,11,603.821864
2026-02-19T11:34:00+00:00,603.8,603.82,603.79,603.79,611,12,603.805714
2026-02-19T11:35:00+00:00,603.75,603.75,603.7,603.7,1187,29,603.710698
2026-02-19T11:36:00+00:00,603.75,603.75,603.7,603.7,339,18,603.723411
2026-02-19T11:37:00+00:00,603.55,603.56,603.5,603.54,1012,18,603.531813
2026-02-19T11:38:00+00:00,603.62,603.62,603.48,603.48,202,10,603.573216
2026-02-19T11:39:00+00:00,603.61,603.61,603.48,603.48,208,18,603.533279
2026-02-19T11:40:00+00:00,603.65,603.65,603.65,603.65,136,7,603.65
2026-02-19T11:41:00+00:00,603.74,603.74,603.71,603.71,410,5,603.730513
2026-02-19T11:42:00+00:00,603.78,603.84,603.78,603.84,321,14,603.820165
2026-02-19T11:43:00+00:00,603.8,603.8,603.8,603.8,253,12,603.8
2026-02-19T11:44:00+00:00,603.65,603.68,603.61,603.61,810,20,603.645368
2026-02-19T11:45:00+00:00,603.6,603.74,603.6,603.74,758,21,603.635882
2026-02-19T11:46:00+00:00,603.53,603.54,603.47,603.47,1191,36,603.495607
2026-02-19T11:47:00+00:00,603.52,603.52,603.52,603.52,406,6,603.52
2026-02-19T11:48:00+00:00,603.53,603.53,603.51,603.51,465,18,603.515904
2026-02-19T11:49:00+00:00,603.51,603.51,603.51,603.51,106,5,603.51
2026-02-19T11:50:00+00:00,603.49,603.49,603.18,603.25,1997,69,603.295286
2026-02-19T11:51:00+00:00,603.2,603.23,603.02,603.02,1528,38,603.106659
2026-02-19T11:53:00+00:00,603.25,603.66,603.25,603.6,2124,44,603.550611
2026-02-19T11:54:00+00:00,603.69,603.69,603.66,603.66,1520,31,603.672367
2026-02-19T11:56:00+00:00,603.61,603.61,603.58,603.58,416,17,603.583761
2026-02-19T11:57:00+00:00,603.66,603.7,603.62,603.66,1062,27,603.646546
2026-02-19T11:59:00+00:00,603.79,603.9,603.79,603.89,711,29,603.86439
2026-02-19T12:00:00+00:00,603.89,603.9,603.62,603.62,3118,69,603.757884
2026-02-19T12:01:00+00:00,603.52,603.55,602.71,602.83,11502,205,603.112092
2026-02-19T12:02:00+00:00,602.7,602.84,602.35,602.48,6924,122,602.537601
2026-02-19T12:03:00+00:00,602.58,602.94,602.58,602.94,6175,56,602.738913
2026-02-19T12:04:00+00:00,603.02,603.02,602.88,602.96,2709,30,602.91612
2026-02-19T12:05:00+00:00,602.99,603.28,602.98,603.16,3166,43,603.136441
2026-02-19T12:06:00+00:00,603.25,603.26,603.14,603.2,3693,42,603.231677
2026-02-19T12:07:00+00:00,603.27,603.4,603.27,603.4,1598,41,603.318122
2026-02-19T12:08:00+00:00,603.44,603.49,603.431,603.49,1081,25,603.463321
2026-02-19T12:09:00+00:00,603.25,603.43,603.25,603.43,811,22,603.362391
2026-02-19T12:10:00+00:00,603.39,603.55,603.38,603.53,2150,31,603.461498
2026-02-19T12:11:00+00:00,603.65,603.65,603.38,603.46,4657,90,603.481876
2026-02-19T12:12:00+00:00,603.48,603.54,603.48,603.54,359,13,603.497597
2026-02-19T12:13:00+00:00,603.43,603.55,603.43,603.54,611,19,603.504583
2026-02-19T12:14:00+00:00,603.39,603.39,603.35,603.35,308,16,603.37
2026-02-19T12:15:00+00:00,603.42,603.42,603.31,603.31,1057,34,603.349736
2026-02-19T12:16:00+00:00,603.22,603.26,603.181,603.26,2692,38,603.209138
2026-02-19T12:17:00+00:00,603.33,603.339,603.3,603.3,1605,25,603.334286
2026-02-19T12:18:00+00:00,603.39,603.6,603.39,603.6,586,24,603.440088
2026-02-19T12:19:00+00:00,603.54,603.54,603.49,603.51,394,21,603.508333
2026-02-19T12:20:00+00:00,603.55,603.56,603.4,603.4,457,11,603.479925
2026-02-19T12:21:00+00:00,603.51,603.51,603.469,603.469,524,15,603.48605
2026-02-19T12:22:00+00:00,603.47,603.47,603.47,603.47,74,5,603.47
2026-02-19T12:24:00+00:00,603.6,603.8,603.53,603.8,4336,53,603.614228
2026-02-19T12:25:00+00:00,603.82,604.28,603.8,604.28,4369,114,603.975356
2026-02-19T12:26:00+00:00,604.27,604.31,604.04,604.15,3757,74,604.171073
2026-02-19T12:27:00+00:00,604.06,604.109,603.96,603.98,3202,76,604.006903
2026-02-19T12:28:00+00:00,603.97,604.2,603.97,604.2,3573,65,604.153829
2026-02-19T12:30:00+00:00,603.8,603.8,603.68,603.77,922,27,603.727406
2026-02-19T12:31:00+00:00,603.73,603.78,603.73,603.78,469,14,603.753545
2026-02-19T12:32:00+00:00,603.76,603.77,603.68,603.68,1346,23,603.735458
2026-02-19T12:33:00+00:00,603.87,603.87,603.8,603.81,1314,27,603.808612
2026-02-19T12:34:00+00:00,603.89,603.89,603.89,603.89,548,15,603.89
2026-02-19T12:36:00+00:00,603.82,603.87,603.74,603.74,3380,73,603.775252
2026-02-19T12:37:00+00:00,603.58,603.58,603.58,603.58,298,30,603.58
2026-02-19T12:38:00+00:00,603.71,603.73,603.66,603.71,445,17,603.70973
2026-02-19T12:39:00+00:00,603.72,604,603.72,604,1256,42,603.900695
2026-02-19T12:40:00+00:00,603.98,604.16,603.96,604.16,1096,45,604.029552
2026-02-19T12:41:00+00:00,604.21,604.26,604,604,4006,84,604.117519
2026-02-19T12:42:00+00:00,604,604.18,603.99,604.16,11333,98,604.098139
2026-02-19T12:43:00+00:00,604.12,604.19,604.12,604.19,454,19,604.132053
2026-02-19T12:44:00+00:00,604.24,604.24,604.18,604.24,2192,47,604.221074
2026-02-19T12:45:00+00:00,604.24,604.27,604.15,604.22,8295,102,604.244248
2026-02-19T12:46:00+00:00,604.23,604.23,604.23,604.23,2066,17,604.23
2026-02-19T12:47:00+00:00,604.26,604.26,604.26,604.26,221,10,604.26
2026-02-19T12:48:00+00:00,604.17,604.17,604.05,604.07,1403,30,604.066751
2026-02-19T12:49:00+00:00,604.15,604.17,604.15,604.16,424,7,604.161374
2026-02-19T12:50:00+00:00,604.061,604.1,604.061,604.1,658,17,604.087782
2026-02-19T12:51:00+00:00,604.1,604.11,604,604.11,6203,105,604.063255
2026-02-19T12:52:00+00:00,604.06,604.1,604.06,604.1,211,9,604.085
2026-02-19T12:53:00+00:00,604.07,604.11,603.83,603.85,1733,62,603.961003
2026-02-19T12:54:00+00:00,603.79,603.79,603.76,603.76,4104,53,603.768918
2026-02-19T12:55:00+00:00,603.7,603.79,603.69,603.7,1742,50,603.762901
2026-02-19T12:56:00+00:00,603.66,603.7,603.63,603.68,710,29,603.653148
2026-02-19T12:57:00+00:00,603.66,603.76,603.66,603.76,567,14,603.68619
2026-02-19T12:58:00+00:00,603.71,603.71,603.7,603.7,735,19,603.700593
2026-02-19T12:59:00+00:00,603.7,603.73,603.66,603.7,2344,56,603.705213
2026-02-19T13:00:00+00:00,603.89,608.05,602.3755,603.72,125411,3078,604.996537
2026-02-19T13:01:00+00:00,606.14,608.02,603.45,603.73,8857,476,605.529431
2026-02-19T13:02:00+00:00,606,607.64,602.75,603.53,7820,273,604.878309
2026-02-19T13:03:00+00:00,603.51,606.244,603.42,603.42,2201,47,603.683151
2026-02-19T13:04:00+00:00,603.41,603.46,603.32,603.4123,7173,135,603.391309
2026-02-19T13:05:00+00:00,603.4,603.5,603.4,603.5,1931,73,603.445088
2026-02-19T13:06:00+00:00,603.42,603.42,603.12,603.13,5986,104,603.23119
2026-02-19T13:07:00+00:00,603.17,603.31,603.11,603.31,1595,56,603.236694
2026-02-19T13:08:00+00:00,603.27,603.3,603.22,603.23,3209,48,603.258782
2026-02-19T13:09:00+00:00,603.17,603.2,603.06,603.1886,2298,58,603.141839
2026-02-19T13:10:00+00:00,603.1423,603.17,603.12,603.12,424,40,603.136508
2026-02-19T13:11:00+00:00,603.15,603.37,603.11,603.29,1405,49,603.272738
2026-02-19T13:12:00+00:00,603.34,603.37,603.27,603.29,1417,59,603.323168
2026-02-19T13:13:00+00:00,603.25,603.37,603.25,603.34,938,50,603.32688
2026-02-19T13:14:00+00:00,603.27,603.27,603.13,603.18,7793,193,603.18819
2026-02-19T13:15:00+00:00,603.22,603.28,603.2,603.25,1310,52,603.246824
2026-02-19T13:16:00+00:00,603.18,603.2,602.96,602.98,11351,272,603.008869
2026-02-19T13:17:00+00:00,602.97,602.97,602.79,602.91,2724,103,602.918917
2026-02-19T13:18:00+00:00,602.92,603,602.75,602.87,4922,153,602.851361
2026-02-19T13:19:00+00:00,602.84,603.01,602.79,603,5993,114,602.882785
2026-02-19T13:20:00+00:00,602.97,603.05,602.89,602.9,4227,98,603.007066
2026-02-19T13:21:00+00:00,602.84,602.91,602.6977,602.76,8335,170,602.77751
2026-02-19T13:22:00+00:00,602.75,602.8,602.66,602.8,5474,126,602.735793
2026-02-19T13:23:00+00:00,602.75,602.85,602.63,602.63,9774,170,602.717137
2026-02-19T13:24:00+00:00,602.63,602.67,602.35,602.4,16054,317,602.506223
2026-02-19T13:25:00+00:00,602.3408,602.56,602.25,602.51,8324,180,602.402135
2026-02-19T13:26:00+00:00,602.44,602.59,602.41,602.41,7122,129,602.508432
2026-02-19T13:27:00+00:00,602.43,602.57,602.36,602.5,4189,92,602.447306
2026-02-19T13:28:00+00:00,602.41,602.57,602.41,602.45,3497,84,602.492627
2026-02-19T13:29:00+00:00,602.5,602.85,602.47,602.69,10349,192,602.708752
2026-02-19T13:30:00+00:00,602.75,602.96,601.89,602.32,22721,498,602.362632
2026-02-19T13:31:00+00:00,602.22,602.57,602.2,602.34,11874,166,602.35883
2026-02-19T13:32:00+00:00,602.32,602.75,602.32,602.72,12327,170,602.526693
2026-02-19T13:33:00+00:00,602.68,602.85,602.66,602.7486,4225,112,602.738119
2026-02-19T13:34:00+00:00,602.83,603.04,602.76,602.97,9526,153,602.94047
2026-02-19T13:35:00+00:00,602.96,603.21,602.94,603.1875,8239,171,603.128522
2026-02-19T13:36:00+00:00,603.19,603.76,603.19,603.76,14851,239,603.49876
2026-02-19T13:37:00+00:00,603.8,603.93,603.63,603.69,9576,182,603.777821
2026-02-19T13:38:00+00:00,603.71,603.78,603.57,603.65,9484,152,603.682465
2026-02-19T13:39:00+00:00,603.8,603.8593,603.37,603.47,13067,187,603.582685
2026-02-19T13:40:00+00:00,603.52,603.66,603.21,603.65,9239,214,603.407941
2026-02-19T13:41:00+00:00,603.52,603.62,603.47,603.51,1845,62,603.541839
2026-02-19T13:42:00+00:00,603.59,603.64,603.32,603.35,2318,65,603.442779
2026-02-19T13:43:00+00:00,603.4,603.4,603.29,603.31,4225,99,603.322396
2026-02-19T13:44:00+00:00,603.27,603.37,603.21,603.22,2905,101,603.296723
2026-02-19T13:45:00+00:00,603.12,603.12,602.87,602.8989,11119,222,602.966165
2026-02-19T13:46:00+00:00,602.99,603.2,602.99,603.17,9792,98,603.079344
2026-02-19T13:47:00+00:00,603.32,603.4,603.3,603.35,5421,79,603.354338
2026-02-19T13:48:00+00:00,603.35,603.44,603.27,603.44,6769,82,603.339475
2026-02-19T13:49:00+00:00,603.44,603.48,603.27,603.32,1475,60,603.386095
2026-02-19T13:50:00+00:00,603.31,603.51,603.24,603.46,2592,78,603.304914
2026-02-19T13:51:00+00:00,603.3813,603.6,603.38,603.6,1781,50,603.530601
2026-02-19T13:52:00+00:00,603.51,603.63,603.45,603.62,1646,52,603.516547
2026-02-19T13:53:00+00:00,603.55,603.9,603.55,603.9,4309,100,603.76339
2026-02-19T13:54:00+00:00,603.84,603.84,603.64,603.81,5249,114,603.743876
2026-02-19T13:55:00+00:00,603.79,603.81,603.64,603.6899,1951,69,603.73363
2026-02-19T13:56:00+00:00,603.7,603.7,603.44,603.5,5334,72,603.546884
2026-02-19T13:57:00+00:00,603.5,603.5,603.3054,603.3126,6193,105,603.366696
2026-02-19T13:58:00+00:00,603.32,603.32,603.22,603.25,8182,81,603.270542
2026-02-19T13:59:00+00:00,603.34,603.37,603.26,603.3,2039,52,603.341135
2026-02-19T14:00:00+00:00,603.32,603.35,603.26,603.32,4044,92,603.310825
2026-02-19T14:01:00+00:00,603.47,603.55,603.27,603.55,4418,96,603.429374
2026-02-19T14:02:00+00:00,603.36,603.36,603,603.07,7202,173,603.121439
2026-02-19T14:03:00+00:00,603.1,603.14,603,603.01,2844,84,603.035368
2026-02-19T14:04:00+00:00,602.99,603,602.8,602.81,2850,125,602.915762
2026-02-19T14:05:00+00:00,602.8747,602.9,602.76,602.86,9004,118,602.809314
2026-02-19T14:06:00+00:00,602.84,602.91,602.76,602.91,9103,93,602.802338
2026-02-19T14:07:00+00:00,602.9352,602.98,602.88,602.9,2297,70,602.904528
2026-02-19T14:08:00+00:00,602.85,602.98,602.85,602.9082,5872,80,602.898721
2026-02-19T14:09:00+00:00,602.89,602.9,602.67,602.78,33483,268,602.734026
2026-02-19T14:10:00+00:00,602.77,602.8914,602.67,602.87,19178,203,602.763583
2026-02-19T14:11:00+00:00,602.84,602.84,602.75,602.77,2143,61,602.791035
2026-02-19T14:12:00+00:00,602.84,603.0928,602.79,603.07,7648,142,602.874518
2026-02-19T14:13:00+00:00,603.1,603.13,602.99,603,3572,75,603.055085
2026-02-19T14:14:00+00:00,603.08,603.26,603.06,603.17,3209,81,603.113208
2026-02-19T14:15:00+00:00,603.1678,603.2,603.02,603.2,2455,89,603.12511
2026-02-19T14:16:00+00:00,603.24,603.3,603.19,603.23,4214,91,603.257684
2026-02-19T14:17:00+00:00,603.23,603.29,603.21,603.26,5105,68,603.235684
2026-02-19T14:18:00+00:00,603.26,603.27,603.12,603.25,2230,70,603.172448
2026-02-19T14:19:00+00:00,603.2336,603.66,603.23,603.6394,5801,112,603.52956
2026-02-19T14:20:00+00:00,603.6,603.6515,603.53,603.63,10951,178,603.580104
2026-02-19T14:21:00+00:00,603.62,603.7499,603.62,603.7099,9283,98,603.705494
2026-02-19T14:22:00+00:00,603.68,603.7097,603.55,603.56,5293,108,603.603098
2026-02-19T14:23:00+00:00,603.61,603.65,603.56,603.63,3595,72,603.596648
2026-02-19T14:24:00+00:00,603.63,603.7,603.5911,603.65,2074,69,603.663993
2026-02-19T14:25:00+00:00,603.62,603.68,603.46,603.46,9354,150,603.626932
2026-02-19T14:26:00+00:00,603.46,603.46,603.14,603.14,5713,116,603.374208
2026-02-19T14:27:00+00:00,603.11,603.11,602.73,602.74,8184,143,602.885195
2026-02-19T14:28:00+00:00,602.73,602.97,602.73,602.95,10903,166,602.819563
2026-02-19T14:29:00+00:00,602.87,602.93,602.77,602.89,9908,124,602.858882
2026-02-19T14:30:00+00:00,602.81,603.5791,602.35,603.39,626934,10547,602.849159
2026-02-19T14:31:00+00:00,603.37,603.97,602.81,603.36,400854,5988,603.44218
2026-02-19T14:32:00+00:00,603.35,603.81,602.99,603.02,291461,4648,603.369335
2026-02-19T14:33:00+00:00,603.0494,603.555,602.74,603.2438,330810,5301,603.100065
2026-02-19T14:34:00+00:00,603.27,603.39,602.81,602.84,208106,4209,603.142704
2026-02-19T14:35:00+00:00,602.8,602.89,601.88,602.12,396354,7147,602.393547
2026-02-19T14:36:00+00:00,602.135,602.165,601.09,601.83,554429,8623,601.551744
2026-02-19T14:37:00+00:00,601.8412,602.51,601.74,602.22,328238,4824,602.151707
2026-02-19T14:38:00+00:00,602.22,602.47,601.65,602.14,197211,3532,602.101284
2026-02-19T14:39:00+00:00,602.11,602.879,602.04,602.34,286522,4322,602.513938
2026-02-19T14:40:00+00:00,602.34,602.39,601.67,601.97,244002,4270,601.963554
2026-02-19T14:41:00+00:00,601.96,602.33,601.51,601.52,192401,3256,601.938092
2026-02-19T14:42:00+00:00,601.52,602.58,601.34,602.46,344212,5014,601.826388
2026-02-19T14:43:00+00:00,602.44,602.71,601.99,602.39,209822,4016,602.37084
2026-02-19T14:44:00+00:00,602.4,603.36,602.31,603.07,383183,5721,603.005055
2026-02-19T14:45:00+00:00,603.09,603.22,601.45,601.46,354248,6109,602.328422
2026-02-19T14:46:00+00:00,601.47,602.53,601.42,602.492,282993,5227,601.863208
2026-02-19T14:47:00+00:00,602.51,602.59,602.03,602.38,218196,3991,602.362791
2026-02-19T14:48:00+00:00,602.36,603.04,601.85,602.932,184960,3715,602.521509
2026-02-19T14:49:00+00:00,602.94,603.09,602.27,602.6,179457,3799,602.629731
2026-02-19T14:50:00+00:00,602.61,603.35,602.6,603.16,203207,3814,603.076538
2026-02-19T14:51:00+00:00,603.17,603.32,602.7197,602.94,226541,4282,603.045554
2026-02-19T14:52:00+00:00,602.93,603.81,602.9,603.71,227252,4140,603.494043
2026-02-19T14:53:00+00:00,603.72,604.12,603.51,604.07,223984,3994,603.786956
2026-02-19T14:54:00+00:00,604.04,604.08,603.36,603.48,261786,3800,603.669389
2026-02-19T14:55:00+00:00,603.47,604.78,603.43,604.6,245932,4598,604.013607
2026-02-19T14:56:00+00:00,604.57,604.8031,604.22,604.63,204817,3872,604.529454
2026-02-19T14:57:00+00:00,604.63,604.88,604.57,604.605,123473,3037,604.73299
2026-02-19T14:58:00+00:00,604.61,604.61,604.18,604.44,186698,3687,604.353969
2026-02-19T14:59:00+00:00,604.41,604.4291,603.66,603.9203,409688,3491,603.950074
2026-02-19T15:00:00+00:00,603.94,603.95,603.14,603.63,317970,5978,603.413164
2026-02-19T15:01:00+00:00,603.63,604.4291,603.58,604.26,145236,3653,604.027678
2026-02-19T15:02:00+00:00,604.24,604.66,604.05,604.63,225968,4456,604.357658
2026-02-19T15:03:00+00:00,604.65,605.62,604.55,605.42,273294,5577,605.118828
2026-02-19T15:04:00+00:00,605.42,605.53,604.76,604.98,359612,5776,605.17091
2026-02-19T15:05:00+00:00,605.02,605.14,604.5872,604.6,159292,3435,604.861079
2026-02-19T15:06:00+00:00,604.61,604.82,604.17,604.23,167755,3710,604.530853
2026-02-19T15:07:00+00:00,604.25,604.87,604.2,604.67,146082,3398,604.574904
2026-02-19T15:08:00+00:00,604.68,604.68,604.14,604.5,113113,2947,604.382348
2026-02-19T15:09:00+00:00,604.51,604.65,604.1,604.25,193822,3742,604.31098
2026-02-19T15:10:00+00:00,604.26,604.745,604.24,604.55,146777,3772,604.503083
2026-02-19T15:11:00+00:00,604.54,604.6,603.98,604.18,153769,4395,604.30582
2026-02-19T15:12:00+00:00,604.21,604.47,603.51,603.95,158023,4693,603.995048
2026-02-19T15:13:00+00:00,603.94,604.11,603.75,604.04,108695,3781,603.935057
2026-02-19T15:14:00+00:00,604.06,604.0901,603.655,603.83,107306,3708,603.829558
2026-02-19T15:15:00+00:00,603.83,604.78,603.78,604.7,190505,5008,604.330132
2026-02-19T15:16:00+00:00,604.68,604.91,604.46,604.71,149650,3670,604.641832
2026-02-19T15:17:00+00:00,604.75,605.11,604.74,605.07,96407,2909,604.950264
2026-02-19T15:18:00+00:00,605.07,605.13,603.95,604.1,264255,5232,604.437847
2026-02-19T15:19:00+00:00,604.11,604.6,604.11,604.425,103571,2837,604.364283
2026-02-19T15:20:00+00:00,604.4257,604.83,604.235,604.76,93120,2869,604.551361
2026-02-19T15:21:00+00:00,604.78,604.79,603.42,603.44,193197,4087,604.073638
2026-02-19T15:22:00+00:00,603.44,604.26,603.355,604.26,144826,3285,603.789846
2026-02-19T15:23:00+00:00,604.25,604.48,603.9465,604.05,120813,3004,604.230255
2026-02-19T15:24:00+00:00,604.1,604.87,604.01,604.76,174845,3821,604.585727
2026-02-19T15:25:00+00:00,604.75,604.77,604.28,604.36,132619,3216,604.531598
2026-02-19T15:26:00+00:00,604.36,604.55,603.86,603.905,126909,3199,604.145407
2026-02-19T15:27:00+00:00,603.9,604.23,603.71,603.93,132359,3451,603.944422
2026-02-19T15:28:00+00:00,603.94,604.0225,603.5,603.59,125953,3303,603.695433
2026-02-19T15:29:00+00:00,603.6,603.63,603.33,603.4,173851,4078,603.465825
2026-02-19T15:30:00+00:00,603.39,603.68,603.19,603.64,183205,3828,603.42005
2026-02-19T15:31:00+00:00,603.61,604.63,603.6,604.36,362801,4771,604.193027
2026-02-19T15:32:00+00:00,604.37,605.04,604.28,604.9,203211,4584,604.783005
2026-02-19T15:33:00+00:00,604.91,605.225,604.72,605.2,144503,3572,604.97607
2026-02-19T15:34:00+00:00,605.21,605.37,605.08,605.31,134323,3295,605.210535
2026-02-19T15:35:00+00:00,605.31,605.4499,604.78,604.99,184636,3915,605.04831
2026-02-19T15:36:00+00:00,605,605.05,604.52,604.79,136195,3194,604.798931
2026-02-19T15:37:00+00:00,604.76,604.93,604.53,604.8001,103099,2764,604.747729
2026-02-19T15:38:00+00:00,604.8001,605.301,604.79,605.22,113384,2847,605.106737
2026-02-19T15:39:00+00:00,605.21,605.28,604.81,604.88,114607,2967,605.018691
2026-02-19T15:40:00+00:00,604.88,605.07,604.62,605.04,124428,3371,604.847825
2026-02-19T15:41:00+00:00,605.01,605.26,604.89,604.91,89061,2601,605.050883
2026-02-19T15:42:00+00:00,604.92,605.17,604.83,605,79133,2452,604.957986
2026-02-19T15:43:00+00:00,605,605.04,604.75,604.96,79042,2580,604.914556
2026-02-19T15:44:00+00:00,604.95,604.99,604.72,604.85,61950,2303,604.84845
2026-02-19T15:45:00+00:00,604.86,605.04,604.53,604.62,105570,2993,604.857348
2026-02-19T15:46:00+00:00,604.61,605.09,604.53,605.02,75523,2525,604.888446
2026-02-19T15:47:00+00:00,605.01,605.15,604.73,604.78,103038,2941,604.958677
2026-02-19T15:48:00+00:00,604.79,605.02,604.72,604.77,125971,2717,604.827415
2026-02-19T15:49:00+00:00,604.772,604.85,604.49,604.85,82201,2568,604.719826
2026-02-19T15:50:00+00:00,604.88,604.89,603.74,603.82,217984,4434,604.295234
2026-02-19T15:51:00+00:00,603.84,604.01,603.61,603.61,157708,3560,603.824188
2026-02-19T15:52:00+00:00,603.6,604.06,603.5515,603.99,140724,3543,603.825531
2026-02-19T15:53:00+00:00,604.01,604.19,603.59,603.76,115365,3207,603.897478
2026-02-19T15:54:00+00:00,603.77,603.93,603.49,603.76,111720,3068,603.719866
2026-02-19T15:55:00+00:00,603.75,604.37,603.72,604.33,112258,2872,604.033274
2026-02-19T15:56:00+00:00,604.34,604.82,604.315,604.8,119477,3003,604.612156
2026-02-19T15:57:00+00:00,604.8,604.83,604.43,604.59,88434,2520,604.596175
2026-02-19T15:58:00+00:00,604.65,605.05,604.41,605.03,89212,2624,604.71333
2026-02-19T15:59:00+00:00,605.03,605.04,604.67,604.96,100182,2619,604.869342
2026-02-19T16:00:00+00:00,604.97,605.17,604.8,605,133462,3514,604.970445
2026-02-19T16:01:00+00:00,604.99,605.19,604.86,605,77496,2633,605.029798
2026-02-19T16:02:00+00:00,604.995,605,604.56,604.56,90987,2571,604.775266
2026-02-19T16:03:00+00:00,604.55,604.64,604.105,604.18,158509,3729,604.329405
2026-02-19T16:04:00+00:00,604.15,604.35,604.08,604.21,157013,3544,604.206996
2026-02-19T16:05:00+00:00,604.21,604.37,603.96,604.07,134226,3499,604.16875
2026-02-19T16:06:00+00:00,604.06,604.09,603.61,603.618,107651,3132,603.851308
2026-02-19T16:07:00+00:00,603.61,603.64,603.24,603.57,150172,3703,603.438086
2026-02-19T16:08:00+00:00,603.57,603.83,603.52,603.7648,123228,3368,603.65917
2026-02-19T16:09:00+00:00,603.77,604.34,603.76,604.255,157938,3834,604.189356
2026-02-19T16:10:00+00:00,604.27,604.56,604.19,604.42,168350,3791,604.352879
2026-02-19T16:11:00+00:00,604.43,604.44,603.76,603.85,147830,3720,604.036762
2026-02-19T16:12:00+00:00,603.85,604.32,603.83,604.31,78605,2770,604.076311
2026-02-19T16:13:00+00:00,604.32,604.71,604.3,604.4,135894,3402,604.494242
2026-02-19T16:14:00+00:00,604.4199,604.54,604.29,604.54,53500,2258,604.417954
2026-02-19T16:15:00+00:00,604.55,605,604.45,604.985,130694,3491,604.794639
2026-02-19T16:16:00+00:00,604.995,605.29,604.96,605.24,133217,3358,605.144596
2026-02-19T16:17:00+00:00,605.24,605.26,604.94,605.17,108822,2708,605.066262
2026-02-19T16:18:00+00:00,605.17,605.62,605.17,605.57,153950,3382,605.398101
2026-02-19T16:19:00+00:00,605.55,605.55,605.29,605.42,71561,2528,605.392921
2026-02-19T16:20:00+00:00,605.44,605.79,605.425,605.66,99784,2959,605.625681
2026-02-19T16:21:00+00:00,605.64,605.75,605.31,605.6701,146167,3333,605.55818
2026-02-19T16:22:00+00:00,605.71,605.72,605.5,605.64,97302,2748,605.604754
2026-02-19T16:23:00+00:00,605.6,605.815,605.6,605.68,87772,2721,605.684166
2026-02-19T16:24:00+00:00,605.69,605.73,605.39,605.49,100214,2705,605.56377
2026-02-19T16:25:00+00:00,605.51,605.62,604.98,605.01,140822,3344,605.250161
2026-02-19T16:26:00+00:00,605.0099,605.12,604.86,604.98,116413,3102,605.009545
2026-02-19T16:27:00+00:00,604.97,605.04,604.43,604.44,101583,2959,604.738114
2026-02-19T16:28:00+00:00,604.44,604.49,603.75,603.9,238054,4452,604.055926
2026-02-19T16:29:00+00:00,603.88,604.04,603.75,603.75,168032,4013,603.897665
2026-02-19T16:30:00+00:00,603.76,604.23,603.745,604.2,146993,3563,604.031531
2026-02-19T16:31:00+00:00,604.2,604.54,604.06,604.46,132426,3359,604.357256
2026-02-19T16:32:00+00:00,604.465,604.85,604.32,604.53,100719,2936,604.603757
2026-02-19T16:33:00+00:00,604.53,604.57,604.08,604.5,155054,3319,604.248939
2026-02-19T16:34:00+00:00,604.5,604.87,604.47,604.8,81891,2560,604.651136
2026-02-19T16:35:00+00:00,604.8,604.83,604.11,604.11,82909,2767,604.452841
2026-02-19T16:36:00+00:00,604.13,604.15,603.9,603.96,90169,2764,604.033809
2026-02-19T16:37:00+00:00,603.965,604.09,603.9,604.05,99505,2833,603.997674
2026-02-19T16:38:00+00:00,604.1,604.34,604.05,604.28,86752,2623,604.195294
2026-02-19T16:39:00+00:00,604.28,604.42,604.16,604.21,91838,2947,604.284882
2026-02-19T16:40:00+00:00,604.2,604.33,604,604.125,85155,2876,604.171032
2026-02-19T16:41:00+00:00,604.12,604.165,603.73,603.86,109827,3051,603.926368
2026-02-19T16:42:00+00:00,603.85,604.02,603.78,603.78,72405,2398,603.893313
2026-02-19T16:43:00+00:00,603.78,603.95,603.68,603.83,93561,2627,603.819875
2026-02-19T16:44:00+00:00,603.84,603.96,602.94,603.03,187471,4365,603.469181
2026-02-19T16:45:00+00:00,603.01,603.52,602.96,603.2,186669,3710,603.224583
2026-02-19T16:46:00+00:00,603.22,603.24,602.77,602.8,142832,3341,602.986867
2026-02-19T16:47:00+00:00,602.79,603.065,602.67,602.99,156130,3245,602.859924
2026-02-19T16:48:00+00:00,602.99,603.1,602.64,602.69,98926,2729,602.784021
2026-02-19T16:49:00+00:00,602.685,602.74,602.41,602.71,134638,3208,602.605466
2026-02-19T16:50:00+00:00,602.7,602.7,602.2,602.55,132670,3542,602.417108
2026-02-19T16:51:00+00:00,602.56,602.6099,602.025,602.1075,152375,3748,602.28281
2026-02-19T16:52:00+00:00,602.12,602.355,602.04,602.17,250974,3618,602.202085
2026-02-19T16:53:00+00:00,602.18,603.1,602.16,602.908,202018,4370,602.676013
2026-02-19T16:54:00+00:00,602.9,603.7101,602.85,603.65,151492,3713,603.29005
2026-02-19T16:55:00+00:00,603.65,603.71,603.4,603.548,141272,3154,603.575304
2026-02-19T16:56:00+00:00,603.52,603.585,602.95,603.22,130382,3053,603.300448
2026-02-19T16:57:00+00:00,603.23,603.39,602.8612,602.99,116100,2804,603.074197
2026-02-19T16:58:00+00:00,602.9787,603.29,602.93,603,87236,2205,603.117037
2026-02-19T16:59:00+00:00,603.03,603.26,602.98,603.03,46322,1343,603.096827
2026-02-19T17:00:00+00:00,603.04,603.18,602.85,602.97,75399,1268,603.038259
2026-02-19T17:01:00+00:00,602.99,603.12,602.54,602.7,96101,1588,602.800314
2026-02-19T17:02:00+00:00,602.68,602.8,602.37,602.41,78603,1394,602.554854
2026-02-19T17:03:00+00:00,602.39,602.65,602.38,602.54,70642,1296,602.519181
2026-02-19T17:04:00+00:00,602.54,602.64,602.31,602.54,124007,1574,602.482587
2026-02-19T17:05:00+00:00,602.53,602.6,602.31,602.4,88879,1680,602.472381
2026-02-19T17:06:00+00:00,602.36,602.77,602.23,602.625,260520,2870,602.526698
2026-02-19T17:07:00+00:00,602.6,603.14,602.59,603.03,252886,2796,602.951911
2026-02-19T17:08:00+00:00,603.04,603.26,602.74,602.8,133600,2432,602.950825
2026-02-19T17:09:00+00:00,602.81,603.05,602.62,602.7,79883,1786,602.872053
2026-02-19T17:10:00+00:00,602.68,602.98,602.55,602.97,112760,2187,602.744342
2026-02-19T17:11:00+00:00,602.97,603.21,602.87,603.08,85300,1689,603.004989
2026-02-19T17:12:00+00:00,603.07,603.13,602.78,603.0099,106454,1979,602.991667
2026-02-19T17:13:00+00:00,603.01,603.06,602.845,602.89,77526,1700,602.951738
2026-02-19T17:14:00+00:00,602.88,603.13,602.75,603.075,127117,2332,602.973424
2026-02-19T17:15:00+00:00,603.08,603.2,602.69,602.85,118800,2088,602.955692
2026-02-19T17:16:00+00:00,602.84,602.99,602.64,602.91,78703,1713,602.808668
2026-02-19T17:17:00+00:00,602.9,603.59,602.9,603.58,116101,2284,603.319571
2026-02-19T17:18:00+00:00,603.59,603.78,603.52,603.64,88387,1574,603.648593
2026-02-19T17:19:00+00:00,603.65,603.75,603.47,603.69,81595,1643,603.616856
2026-02-19T17:20:00+00:00,603.7,604.12,603.47,603.96,158188,2778,603.868579
2026-02-19T17:21:00+00:00,603.99,604.11,603.85,604.055,65987,1311,603.987262
2026-02-19T17:22:00+00:00,604.06,604.26,603.95,604.03,67265,1509,604.10224
2026-02-19T17:23:00+00:00,604.02,604.38,603.94,604.32,115194,1399,604.19935
2026-02-19T17:24:00+00:00,604.33,604.49,604.0699,604.115,106608,1845,604.273607
2026-02-19T17:25:00+00:00,604.07,604.19,603.8699,603.99,81278,1777,604.048783
2026-02-19T17:26:00+00:00,603.9965,604.07,603.7254,603.86,96703,2047,603.844555
2026-02-19T17:27:00+00:00,603.85,603.92,603.16,603.29,159619,2597,603.475904
2026-02-19T17:28:00+00:00,603.29,603.54,603.22,603.48,65635,1449,603.38879
2026-02-19T17:29:00+00:00,603.49,603.61,603.36,603.43,40748,1028,603.478826
2026-02-19T17:30:00+00:00,603.43,603.61,603.19,603.31,82648,1727,603.395089
2026-02-19T17:31:00+00:00,603.33,603.49,603.205,603.43,58932,1127,603.32208
2026-02-19T17:32:00+00:00,603.46,603.66,603.37,603.48,98980,1635,603.535989
2026-02-19T17:33:00+00:00,603.46,603.69,603.2807,603.285,1557378,1268,603.45022
2026-02-19T17:34:00+00:00,603.275,603.37,603.11,603.285,3164419,1538,603.238553
2026-02-19T17:35:00+00:00,603.25,603.4956,603.13,603.39,512877,1207,603.30865
2026-02-19T17:36:00+00:00,603.37,603.57,603.15,603.213,74289,1472,603.389947
2026-02-19T17:37:00+00:00,603.18,603.21,602.84,602.9764,120154,2282,603.034528
2026-02-19T17:38:00+00:00,602.95,603.145,602.9,603.11,46046,1081,603.005387
2026-02-19T17:39:00+00:00,603.0866,603.32,602.98,603.15,57120,1182,603.153552
2026-02-19T17:40:00+00:00,603.15,603.34,602.9843,603.13,80298,1591,603.195514
2026-02-19T17:41:00+00:00,603.105,603.35,602.99,603.01,53556,1097,603.201814
2026-02-19T17:42:00+00:00,602.985,603.55,602.98,603.48,106984,1953,603.324797
2026-02-19T17:43:00+00:00,603.45,603.49,603.12,603.18,69066,1352,603.32475
2026-02-19T17:44:00+00:00,603.14,603.25,602.94,602.98,50677,1094,603.12552
2026-02-19T17:45:00+00:00,602.98,603.03,602.54,602.75,132102,2527,602.739256
2026-02-19T17:46:00+00:00,602.72,602.83,602.51,602.55,71570,1568,602.706192
2026-02-19T17:47:00+00:00,602.57,602.63,602.345,602.36,99089,1951,602.481675
2026-02-19T17:48:00+00:00,602.36,602.38,601.58,601.82,262283,4763,601.923172
2026-02-19T17:49:00+00:00,601.81,602.04,601.57,601.9,271281,2892,601.812948
2026-02-19T17:50:00+00:00,601.92,602.34,601.84,602.07,152503,2663,602.069847
2026-02-19T17:51:00+00:00,602.07,602.53,602.03,602.08,140083,2226,602.288193
2026-02-19T17:52:00+00:00,602.07,602.2,601.37,601.39,170491,3060,601.734482
2026-02-19T17:53:00+00:00,601.39,601.6,601.27,601.59,174597,2848,601.452202
2026-02-19T17:54:00+00:00,601.57,601.84,601.38,601.7899,202931,3375,601.592653
2026-02-19T17:55:00+00:00,601.78,602.14,601.62,602.13,190344,2951,601.84178
2026-02-19T17:56:00+00:00,602.14,602.205,601.68,601.69,155772,2101,601.998195
2026-02-19T17:57:00+00:00,601.7,601.74,601.44,601.5,108833,1869,601.572195
2026-02-19T17:58:00+00:00,601.49,601.595,601.14,601.34,148062,2535,601.312243
2026-02-19T17:59:00+00:00,601.34,601.56,601.3105,601.49,63726,1253,601.43814
2026-02-19T18:00:00+00:00,601.51,601.69,601.33,601.6,95622,1577,601.509834
2026-02-19T18:01:00+00:00,601.6,601.825,601.57,601.62,69302,1241,601.677528
2026-02-19T18:02:00+00:00,601.62,601.67,601.19,601.28,137225,2028,601.381361
2026-02-19T18:03:00+00:00,601.28,601.74,601.28,601.64,97385,1533,601.514795
2026-02-19T18:04:00+00:00,601.65,601.65,601.28,601.3,69499,1534,601.419884
2026-02-19T18:05:00+00:00,601.31,601.53,601.3034,601.5,76711,1369,601.433788
2026-02-19T18:06:00+00:00,601.46,601.92,601.44,601.72,111310,2076,601.70262
2026-02-19T18:07:00+00:00,601.72,602.1,601.61,601.96,83450,1663,601.846755
2026-02-19T18:08:00+00:00,601.95,602.04,601.76,601.91,85120,1674,601.899302
2026-02-19T18:09:00+00:00,601.93,602.1,601.87,602.06,79292,1528,601.9831
2026-02-19T18:10:00+00:00,602,602.13,601.76,602.08,130479,2326,601.951646
2026-02-19T18:11:00+00:00,602.0735,602.31,601.92,601.9599,119333,2214,602.106022
2026-02-19T18:12:00+00:00,601.97,602.2599,601.9699,602.21,72884,1587,602.108639
2026-02-19T18:13:00+00:00,602.2,602.69,602.19,602.55,155750,2553,602.482358
2026-02-19T18:14:00+00:00,602.52,602.92,602.42,602.75,91499,1796,602.691542
2026-02-19T18:15:00+00:00,602.73,602.78,602.52,602.55,189540,2684,602.658603
2026-02-19T18:16:00+00:00,602.54,602.7,602.05,602.09,118793,2261,602.376343
2026-02-19T18:17:00+00:00,602.09,602.1,601.56,601.61,138025,2359,601.793322
2026-02-19T18:18:00+00:00,601.62,601.85,601.45,601.62,109298,1773,601.656155
2026-02-19T18:19:00+00:00,601.61,601.64,601.25,601.32,244288,1585,601.451183
2026-02-19T18:20:00+00:00,601.3,601.34,600.75,601.21,278455,4499,600.972781
2026-02-19T18:21:00+00:00,601.17,601.22,600.95,600.95,87840,1586,601.109175
2026-02-19T18:22:00+00:00,600.97,601.32,600.89,601.2,153275,2299,601.160107
2026-02-19T18:23:00+00:00,601.19,601.59,601.19,601.55,134360,2223,601.379474
2026-02-19T18:24:00+00:00,601.53,601.62,601.255,601.46,92363,1773,601.420642
2026-02-19T18:25:00+00:00,601.43,601.9,601.38,601.4,448458,2705,601.663323
2026-02-19T18:26:00+00:00,601.415,601.51,601.19,601.25,110946,1921,601.29189
2026-02-19T18:27:00+00:00,601.26,601.69,601.19,601.655,86741,1593,601.477982
2026-02-19T18:28:00+00:00,601.66,602.03,601.53,601.83,128629,2089,601.838934
2026-02-19T18:29:00+00:00,601.83,601.87,601.68,601.705,41464,798,601.754855
2026-02-19T18:30:00+00:00,601.69,601.96,601.58,601.92,113860,1974,601.786748
2026-02-19T18:31:00+00:00,601.92,602.06,601.75,601.78,74949,1369,601.925493
2026-02-19T18:32:00+00:00,601.79,602.065,601.74,601.85,68866,1190,601.899983
2026-02-19T18:33:00+00:00,601.835,601.84,601.36,601.48,145733,2313,601.535495
2026-02-19T18:34:00+00:00,601.44,601.53,601.2325,601.41,99631,1234,601.360499
2026-02-19T18:35:00+00:00,601.43,601.72,601.43,601.44,89182,1374,601.580159
2026-02-19T18:36:00+00:00,601.43,601.47,601.2,601.3,568298,1232,601.32891
2026-02-19T18:37:00+00:00,601.32,601.45,601.16,601.33,93614,1182,601.264585
2026-02-19T18:38:00+00:00,601.32,601.37,601.16,601.36,69645,981,601.270416
2026-02-19T18:39:00+00:00,601.35,601.73,601.35,601.65,104609,1452,601.549502
2026-02-19T18:40:00+00:00,601.66,601.73,601.42,601.49,86282,1214,601.589556
2026-02-19T18:41:00+00:00,601.51,601.58,601.24,601.42,88443,1387,601.39202
2026-02-19T18:42:00+00:00,601.42,601.56,601.26,601.33,93576,1511,601.433483
2026-02-19T18:43:00+00:00,601.33,601.78,601.33,601.65,101059,1384,601.568209
2026-02-19T18:44:00+00:00,601.65,601.695,601.42,601.6,70633,1146,601.564686
2026-02-19T18:45:00+00:00,601.59,602.033,601.57,601.98,131361,1604,601.818014
2026-02-19T18:46:00+00:00,601.99,602.45,601.93,602.19,136087,2219,602.204589
2026-02-19T18:47:00+00:00,602.19,602.43,602.09,602.42,67472,1225,602.220853
2026-02-19T18:48:00+00:00,602.43,602.56,602.31,602.314,134183,1837,602.453558
2026-02-19T18:49:00+00:00,602.32,602.48,602.1949,602.39,64675,1141,602.336498
2026-02-19T18:50:00+00:00,602.39,602.4,602.025,602.11,70621,1056,602.158004
2026-02-19T18:51:00+00:00,602.15,602.33,602.0207,602.04,44970,876,602.180982
2026-02-19T18:52:00+00:00,602.06,602.38,601.97,602.36,59299,1130,602.198441
2026-02-19T18:53:00+00:00,602.36,602.52,602.32,602.4,68966,1243,602.413943
2026-02-19T18:54:00+00:00,602.4,602.45,602.25,602.31,51321,1016,602.363538
2026-02-19T18:55:00+00:00,602.305,602.47,602.17,602.3099,84859,1081,602.342578
2026-02-19T18:56:00+00:00,602.31,602.55,602.22,602.345,70494,1162,602.356479
2026-02-19T18:57:00+00:00,602.36,602.49,602.27,602.29,154455,633,602.361934
2026-02-19T18:58:00+00:00,602.28,602.6,602.275,602.58,38310,850,602.495973
2026-02-19T18:59:00+00:00,602.58,603.15,602.58,603,157352,2392,602.886238
2026-02-19T19:00:00+00:00,602.96,603.05,602.75,602.81,65902,1095,602.902292
2026-02-19T19:01:00+00:00,602.82,602.98,602.7801,602.96,63793,1000,602.880201
2026-02-19T19:02:00+00:00,602.97,603,602.55,602.6,115759,1528,602.714294
2026-02-19T19:03:00+00:00,602.61,602.75,602.53,602.56,37772,678,602.644598
2026-02-19T19:04:00+00:00,602.555,602.75,602.4625,602.67,48680,863,602.590627
2026-02-19T19:05:00+00:00,602.66,602.84,602.59,602.75,62618,936,602.726279
2026-02-19T19:06:00+00:00,602.73,602.8387,602.64,602.78,35720,724,602.721712
2026-02-19T19:07:00+00:00,602.8,603.09,602.77,603.015,44161,884,602.919516
2026-02-19T19:08:00+00:00,603.03,603.04,602.88,602.95,55418,914,602.961044
2026-02-19T19:09:00+00:00,602.95,603.08,602.8,602.955,76662,1178,602.937225
2026-02-19T19:10:00+00:00,602.98,603,602.39,602.75,433023,2360,602.672723
2026-02-19T19:11:00+00:00,602.74,602.765,602.37,602.5,57538,1169,602.521513
2026-02-19T19:12:00+00:00,602.495,602.7199,602.45,602.65,59739,981,602.599902
2026-02-19T19:13:00+00:00,602.66,602.66,602.41,602.485,47020,890,602.513487
2026-02-19T19:14:00+00:00,602.48,602.565,602.31,602.545,195984,1059,602.462847
2026-02-19T19:15:00+00:00,602.55,602.68,602.495,602.67,48549,906,602.581522
2026-02-19T19:16:00+00:00,602.67,602.76,602.57,602.655,45037,843,602.672198
2026-02-19T19:17:00+00:00,602.64,602.87,602.63,602.66,56222,1023,602.72438
2026-02-19T19:18:00+00:00,602.66,602.84,602.66,602.69,33565,634,602.775803
2026-02-19T19:19:00+00:00,602.69,602.9399,602.63,602.89,29810,717,602.818358
2026-02-19T19:20:00+00:00,602.88,602.99,602.79,602.905,43434,747,602.89435
2026-02-19T19:21:00+00:00,602.9,602.96,602.7,602.7,57690,991,602.812034
2026-02-19T19:22:00+00:00,602.698,603.05,602.66,603.05,62073,1111,602.869242
2026-02-19T19:23:00+00:00,603.04,603.1,602.975,603.01,40697,760,603.034889
2026-02-19T19:24:00+00:00,603.03,603.15,602.98,603.06,150984,783,603.064579
2026-02-19T19:25:00+00:00,603.06,603.135,602.95,602.9765,53678,909,603.053663
2026-02-19T19:26:00+00:00,602.99,602.99,602.61,602.685,97015,1359,602.753151
2026-02-19T19:27:00+00:00,602.68,602.7,602.486,602.51,65059,1187,602.592996
2026-02-19T19:28:00+00:00,602.52,602.615,602.3915,602.4,60242,1021,602.489879
2026-02-19T19:29:00+00:00,602.41,602.525,601.83,602.19,169044,2920,602.160881
2026-02-19T19:30:00+00:00,602.18,602.35,602.09,602.29,122697,2075,602.235749
2026-02-19T19:31:00+00:00,602.31,602.4,602.21,602.37,61640,1170,602.307926
2026-02-19T19:32:00+00:00,602.41,602.58,602.17,602.51,84343,1406,602.385751
2026-02-19T19:33:00+00:00,602.52,602.54,602.18,602.18,102889,1264,602.338232
2026-02-19T19:34:00+00:00,602.19,602.385,602.16,602.35,69121,1069,602.24684
2026-02-19T19:35:00+00:00,602.34,602.39,602.19,602.26,53299,918,602.287406
2026-02-19T19:36:00+00:00,602.28,602.34,601.94,601.96,72038,1176,602.123664
2026-02-19T19:37:00+00:00,601.95,601.95,601.63,601.66,119326,1925,601.801551
2026-02-19T19:38:00+00:00,601.65,601.76,601.49,601.56,125715,1547,601.62646
2026-02-19T19:39:00+00:00,601.6,601.63,601.005,601.03,192419,2557,601.238889
2026-02-19T19:40:00+00:00,601.01,601.32,600.89,601.22,195409,2663,601.139978
2026-02-19T19:41:00+00:00,601.22,601.65,601.17,601.54,140516,2204,601.418728
2026-02-19T19:42:00+00:00,601.51,601.56,601.155,601.26,98344,1488,601.320142
2026-02-19T19:43:00+00:00,601.27,601.2899,601.08,601.16,89385,1438,601.182711
2026-02-19T19:44:00+00:00,601.18,601.42,601.13,601.345,100343,1716,601.246102
2026-02-19T19:45:00+00:00,601.345,601.62,601.28,601.465,105362,1554,601.467474
2026-02-19T19:46:00+00:00,601.45,601.5,601.06,601.12,102601,1864,601.247233
2026-02-19T19:47:00+00:00,601.11,601.145,600.82,600.85,129782,2168,600.933483
2026-02-19T19:48:00+00:00,600.86,601.245,600.86,601.21,101772,1653,601.114506
2026-02-19T19:49:00+00:00,601.21,601.24,601.06,601.17,36897,790,601.169863
2026-02-19T19:50:00+00:00,601.18,601.52,601.15,601.45,128568,2021,601.329734
2026-02-19T19:51:00+00:00,601.45,601.66,601.35,601.54,73222,1293,601.539352
2026-02-19T19:52:00+00:00,601.55,601.715,601.18,601.36,102427,1755,601.475164
2026-02-19T19:53:00+00:00,601.36,601.4399,601.08,601.29,96647,1466,601.313482
2026-02-19T19:54:00+00:00,601.26,601.47,601.14,601.4,134010,992,601.318997
2026-02-19T19:55:00+00:00,601.41,601.77,601.38,601.73,76843,1329,601.564448
2026-02-19T19:56:00+00:00,601.74,601.8,601.54,601.54,87078,1594,601.705593
2026-02-19T19:57:00+00:00,601.54,601.64,601.3501,601.39,106523,1746,601.503955
2026-02-19T19:58:00+00:00,601.39,601.6099,601.36,601.5588,69268,1087,601.491851
2026-02-19T19:59:00+00:00,601.56,601.68,601.39,601.56,108507,1508,601.548188
2026-02-19T20:00:00+00:00,601.54,601.92,601.53,601.905,132399,1724,601.731095
2026-02-19T20:01:00+00:00,601.91,601.99,601.74,601.96,66908,1217,601.853702
2026-02-19T20:02:00+00:00,601.97,602.22,601.88,602.135,103200,1471,602.096027
2026-02-19T20:03:00+00:00,602.13,602.47,602.07,602.43,112564,1566,602.311229
2026-02-19T20:04:00+00:00,602.41,602.48,602.18,602.25,367973,1284,602.262309
2026-02-19T20:05:00+00:00,602.23,602.26,601.99,602.05,85859,1559,602.096374
2026-02-19T20:06:00+00:00,602.03,602.08,601.88,602,87524,1286,601.983076
2026-02-19T20:07:00+00:00,602,602.12,601.85,602.1,62913,1276,601.964827
2026-02-19T20:08:00+00:00,602.1,602.12,601.82,601.83,49640,1055,601.9859
2026-02-19T20:09:00+00:00,601.81,601.83,601.71,601.81,87400,1363,601.775311
2026-02-19T20:10:00+00:00,601.8101,602.04,601.81,601.8335,83910,1213,601.940737
2026-02-19T20:11:00+00:00,601.835,601.97,601.72,601.9599,66984,1164,601.825543
2026-02-19T20:12:00+00:00,601.9451,602.15,601.93,601.98,62696,1107,602.040737
2026-02-19T20:13:00+00:00,601.98,602.04,601.735,601.785,62814,1170,601.832349
2026-02-19T20:14:00+00:00,601.79,601.91,601.76,601.86,58895,1044,601.845052
2026-02-19T20:15:00+00:00,601.87,601.95,601.655,601.68,59480,1140,601.797958
2026-02-19T20:16:00+00:00,601.67,601.81,601.465,601.74,112532,1761,601.620788
2026-02-19T20:17:00+00:00,601.71,601.72,601.47,601.51,58336,976,601.569591
2026-02-19T20:18:00+00:00,601.51,601.73,601.43,601.7101,173347,1458,601.549423
2026-02-19T20:19:00+00:00,601.71,602.06,601.67,602.06,116993,1622,601.866998
2026-02-19T20:20:00+00:00,602.07,602.21,601.9,601.91,96527,1370,602.041939
2026-02-19T20:21:00+00:00,601.91,601.96,601.7,601.83,99417,1440,601.841997
2026-02-19T20:22:00+00:00,601.83,602.11,601.815,602.1001,98243,1431,601.981663
2026-02-19T20:23:00+00:00,602.1067,602.11,601.74,601.75,73164,1027,601.885154
2026-02-19T20:24:00+00:00,601.77,601.9,601.65,601.7,50352,1013,601.78273
2026-02-19T20:25:00+00:00,601.7,601.73,601.56,601.68,67349,1143,601.641376
2026-02-19T20:26:00+00:00,601.685,601.7,601.5199,601.5199,57884,987,601.594751
2026-02-19T20:27:00+00:00,601.52,601.7773,601.51,601.74,66609,1078,601.647538
2026-02-19T20:28:00+00:00,601.77,601.8151,601.64,601.67,51052,957,601.73807
2026-02-19T20:29:00+00:00,601.66,601.76,601.63,601.68,59587,891,601.678794
2026-02-19T20:30:00+00:00,601.67,602.01,601.55,601.993,124423,1793,601.844955
2026-02-19T20:31:00+00:00,601.99,602.04,601.78,601.92,86827,1452,601.886355
2026-02-19T20:32:00+00:00,601.925,602.1901,601.915,602.175,101818,1532,602.0538
2026-02-19T20:33:00+00:00,602.17,602.39,602.11,602.1101,111304,1498,602.264745
2026-02-19T20:34:00+00:00,602.11,602.2,602.05,602.148,80224,1163,602.107672
2026-02-19T20:35:00+00:00,602.1473,602.29,602,602.03,69055,1178,602.174508
2026-02-19T20:36:00+00:00,602.04,602.17,601.94,602.11,79947,1380,602.043389
2026-02-19T20:37:00+00:00,602.1,602.16,602.01,602.02,50895,900,602.088069
2026-02-19T20:38:00+00:00,602.02,602.13,601.9534,602.06,46155,867,602.031548
2026-02-19T20:39:00+00:00,602.07,602.13,601.99,602.03,46171,955,602.05896
2026-02-19T20:40:00+00:00,602.025,602.215,602.025,602.15,73023,1192,602.155902
2026-02-19T20:41:00+00:00,602.14,602.14,601.8198,601.89,100443,1556,601.945222
2026-02-19T20:42:00+00:00,601.87,601.95,601.82,601.94,63612,1135,601.867126
2026-02-19T20:43:00+00:00,601.94,602.07,601.85,601.96,72828,1224,601.985919
2026-02-19T20:44:00+00:00,601.97,602.305,601.9,602.17,120689,1999,602.141322
2026-02-19T20:45:00+00:00,602.18,602.24,602.09,602.21,99166,1488,602.163385
2026-02-19T20:46:00+00:00,602.2,602.67,602.19,602.65,320640,3299,602.443287
2026-02-19T20:47:00+00:00,602.65,602.82,602.55,602.67,189439,2318,602.713867
2026-02-19T20:48:00+00:00,602.675,602.71,602.44,602.575,114360,1887,602.534046
2026-02-19T20:49:00+00:00,602.57,602.88,602.57,602.78,388840,1683,602.74519
2026-02-19T20:50:00+00:00,602.75,602.77,602.54,602.73,150034,2522,602.650455
2026-02-19T20:51:00+00:00,602.72,602.725,602.43,602.47,140146,2210,602.557231
2026-02-19T20:52:00+00:00,602.45,602.77,602.4,602.74,663281,2300,602.591414
2026-02-19T20:53:00+00:00,602.73,602.85,602.68,602.81,84881,1677,602.753947
2026-02-19T20:54:00+00:00,602.8,602.975,602.735,602.87,191818,2800,602.862071
2026-02-19T20:55:00+00:00,602.86,603.2999,602.85,602.96,257995,3527,603.10635
2026-02-19T20:56:00+00:00,602.96,603,602.77,602.88,135505,2226,602.859107
2026-02-19T20:57:00+00:00,602.88,603.11,602.7813,603.05,146044,2487,602.968359
2026-02-19T20:58:00+00:00,603.03,603.26,603.02,603.24,286442,4101,603.143537
2026-02-19T20:59:00+00:00,603.24,603.56,603.21,603.5,779112,9639,603.371543
2026-02-19T21:00:00+00:00,603.5,603.68,603.3,603.41,316652,597,603.481572
2026-02-19T21:01:00+00:00,603.41,603.48,603.3,603.47,23666,122,603.405952
2026-02-19T21:02:00+00:00,603.47,603.63,603.47,603.63,44378,239,603.536459
2026-02-19T21:03:00+00:00,603.66,603.7,603.5407,603.58,38113,112,603.602715
2026-02-19T21:04:00+00:00,603.539,603.56,603.46,603.51,8154,75,603.519155
2026-02-19T21:05:00+00:00,603.5446,603.62,603.49,603.52,13522,94,603.53426
2026-02-19T21:06:00+00:00,603.47,603.54,603.45,603.5,45637,195,603.478983
2026-02-19T21:07:00+00:00,603.5,603.6046,603.45,603.56,15907,71,603.546893
2026-02-19T21:08:00+00:00,603.56,603.65,603.5,603.61,13954,107,603.601964
2026-02-19T21:09:00+00:00,603.61,603.61,603.44,603.44,13014,86,603.48037
2026-02-19T21:10:00+00:00,603.43,603.55,603.37,603.5,67024,302,603.517824
2026-02-19T21:11:00+00:00,603.46,603.47,603.4,603.44,352134,83,603.449033
2026-02-19T21:12:00+00:00,603.4,603.42,603.25,603.42,10605,96,603.339491
2026-02-19T21:13:00+00:00,603.46,603.46,603.3213,603.3213,3170,41,603.385906
2026-02-19T21:14:00+00:00,603.4,603.4,603.23,603.25,22935,168,603.2592
2026-02-19T21:15:00+00:00,603.22,603.3601,603.2,603.26,3062,44,603.24281
2026-02-19T21:16:00+00:00,603.28,603.2832,603.26,603.2832,3656,51,603.274788
2026-02-19T21:17:00+00:00,603.31,603.35,603.28,603.28,1247,26,603.339738
2026-02-19T21:18:00+00:00,603.29,603.3,603.24,603.24,573,25,603.268708
2026-02-19T21:19:00+00:00,603.2,603.28,603.2,603.28,4147,34,603.253848
2026-02-19T21:20:00+00:00,603.2,603.2,602.56,603.091,46013,320,602.933374
2026-02-19T21:21:00+00:00,603.17,603.38,603.17,603.25,8588,119,603.271478
2026-02-19T21:22:00+00:00,603.36,603.64,603.32,603.32,12108,113,603.494725
2026-02-19T21:23:00+00:00,603.38,603.41,603.25,603.3,12695,79,603.341179
2026-02-19T21:24:00+00:00,603.3,603.3,603.15,603.15,2933,33,603.267309
2026-02-19T21:25:00+00:00,603.12,603.27,603.12,603.2068,5239,53,603.171267
2026-02-19T21:26:00+00:00,603.27,603.27,603.19,603.22,3284,39,603.222732
2026-02-19T21:27:00+00:00,603.28,603.3,603.25,603.3,3009,38,603.285468
2026-02-19T21:28:00+00:00,603.35,603.35,603.32,603.32,2657,17,603.343037
2026-02-19T21:29:00+00:00,603.28,603.2999,603.17,603.17,4239,31,603.217094
2026-02-19T21:30:00+00:00,603.14,603.14,603.08,603.08,4345,37,603.104608
2026-02-19T21:31:00+00:00,603.08,603.08,602.88,602.9709,16764,96,602.941948
2026-02-19T21:32:00+00:00,602.94,602.94,602.9,602.93,8007,61,602.915334
2026-02-19T21:33:00+00:00,602.9601,602.9601,602.87,602.92,118679,109,602.911091
2026-02-19T21:34:00+00:00,602.9,602.9,602.86,602.8811,3750,38,602.877392
2026-02-19T21:35:00+00:00,602.8901,602.93,602.85,602.92,4116,34,602.905602
2026-02-19T21:36:00+00:00,602.97,602.97,602.91,602.95,388,12,602.943731
2026-02-19T21:37:00+00:00,602.94,602.94,602.94,602.94,556,20,602.94
2026-02-19T21:38:00+00:00,602.93,602.95,602.93,602.94,1250,24,602.939381
2026-02-19T21:39:00+00:00,602.96,602.98,602.96,602.96,829,19,602.966267
2026-02-19T21:40:00+00:00,602.95,603.01,602.93,603,36020,191,602.972226
2026-02-19T21:41:00+00:00,602.96,602.99,602.92,602.92,11809,74,602.976548
2026-02-19T21:42:00+00:00,602.9412,602.96,602.92,602.92,218062,67,602.948997
2026-02-19T21:43:00+00:00,602.94,602.98,602.88,602.9,3577,21,602.898576
2026-02-19T21:44:00+00:00,602.87,602.87,602.69,602.69,272291,255,602.721169
2026-02-19T21:45:00+00:00,602.69,602.76,602.69,602.76,11906,58,602.709797
2026-02-19T21:46:00+00:00,602.78,602.82,602.7765,602.78,1646,16,602.796674
2026-02-19T21:47:00+00:00,602.8,602.8,602.72,602.72,97630,27,602.786197
2026-02-19T21:48:00+00:00,602.74,602.8,602.74,602.77,3062,21,602.761532
2026-02-19T21:49:00+00:00,602.8,602.8396,602.8,602.8396,307,18,602.8264
2026-02-19T21:50:00+00:00,602.82,602.83,602.81,602.83,1268,10,602.821133
2026-02-19T21:51:00+00:00,602.86,602.91,602.86,602.91,8072,12,602.890031
2026-02-19T21:52:00+00:00,602.89,602.89,602.8699,602.8699,1110,17,602.872335
2026-02-19T21:53:00+00:00,602.87,602.9,602.87,602.87,1463,23,602.885571
2026-02-19T21:54:00+00:00,602.76,602.76,602.73,602.76,1241,24,602.752566
2026-02-19T21:55:00+00:00,602.9,602.9,602.86,602.8601,641,23,602.891877
2026-02-19T21:56:00+00:00,602.931,602.95,602.92,602.92,652,19,602.933202
2026-02-19T21:57:00+00:00,602.92,602.95,602.85,602.85,8101,43,602.890987
2026-02-19T21:58:00+00:00,602.91,602.91,602.88,602.88,630,16,602.897033
2026-02-19T21:59:00+00:00,602.9,602.9,602.9,602.9,226,13,602.9
2026-02-19T22:00:00+00:00,602.88,602.88,602.88,602.88,159,9,602.88
2026-02-19T22:01:00+00:00,602.98,602.98,602.98,602.98,74337,9,602.98
2026-02-19T22:02:00+00:00,602.83,602.83,602.83,602.83,108,8,602.83
2026-02-19T22:03:00+00:00,602.91,602.97,602.91,602.97,366,22,602.96035
2026-02-19T22:04:00+00:00,602.91,602.91,602.91,602.91,118,8,602.91
2026-02-19T22:05:00+00:00,602.9262,602.94,602.9248,602.9248,351,12,602.934253
2026-02-19T22:06:00+00:00,602.96,602.96,602.92,602.92,56485,23,602.945414
2026-02-19T22:07:00+00:00,602.85,602.85,602.85,602.85,138,11,602.85
2026-02-19T22:09:00+00:00,602.92,602.92,602.89,602.89,795,14,602.9122
2026-02-19T22:11:00+00:00,602.96,602.97,602.93,602.93,716,19,602.96402
2026-02-19T22:12:00+00:00,602.9697,602.9697,602.9697,602.9697,161,17,602.9697
2026-02-19T22:13:00+00:00,602.96,602.96,602.9595,602.9595,424,19,602.959872
2026-02-19T22:14:00+00:00,602.95,602.97,602.95,602.97,118,10,602.960101
2026-02-19T22:15:00+00:00,602.97,602.97,602.97,602.97,1904,15,602.97
2026-02-19T22:16:00+00:00,602.95,602.96,602.95,602.96,1087,13,602.959615
2026-02-19T22:17:00+00:00,602.96,603,602.96,602.99,708,24,602.967288
2026-02-19T22:18:00+00:00,602.99,602.99,602.99,602.99,95,13,602.99
2026-02-19T22:20:00+00:00,603,603,603,603,101,7,603
2026-02-19T22:21:00+00:00,602.97,602.97,602.97,602.97,55,10,602.97
2026-02-19T22:22:00+00:00,603,603,603,603,657,20,603
2026-02-19T22:23:00+00:00,603,603,602.97,602.97,232,4,602.986957
2026-02-19T22:24:00+00:00,602.99,602.99,602.99,602.99,252000,18,602.99
2026-02-19T22:26:00+00:00,603,603,602.95,602.95,332,18,602.990816
2026-02-19T22:27:00+00:00,603,603,602.9998,602.9998,5106,11,602.999815
2026-02-19T22:28:00+00:00,603,603,602.98,602.997,708,11,602.983623
2026-02-19T22:30:00+00:00,602.99,602.99,602.98,602.98,886,15,602.981896
2026-02-19T22:31:00+00:00,603,603,602.99,602.99,594,12,602.994137
2026-02-19T22:33:00+00:00,602.9242,602.9242,602.9242,602.9242,188,6,602.9242
2026-02-19T22:35:00+00:00,603,603,602.92,602.92,224,13,602.96
2026-02-19T22:36:00+00:00,603,603,603,603,163,12,603
2026-02-19T22:41:00+00:00,603,603.01,603,603,661,21,603.001614
2026-02-19T22:42:00+00:00,603.01,603.01,603,603,254,9,603.005855
2026-02-19T22:43:00+00:00,602.9999,602.9999,602.9954,602.9954,520,5,602.997637
2026-02-19T22:44:00+00:00,602.9999,603,602.93,602.93,377,13,602.980457
2026-02-19T22:45:00+00:00,602.93,602.93,602.93,602.93,87,11,602.93
2026-02-19T22:47:00+00:00,602.9348,602.99,602.92,602.92,1897,34,602.938558
2026-02-19T22:48:00+00:00,602.92,602.92,602.9,602.9,1048,15,602.907059
2026-02-19T22:49:00+00:00,602.85,602.85,602.79,602.8,3879,33,602.804664
2026-02-19T22:51:00+00:00,602.82,602.83,602.7709,602.83,958,10,602.821862
2026-02-19T22:52:00+00:00,602.83,602.83,602.83,602.83,254,13,602.83
2026-02-19T22:53:00+00:00,602.8959,602.9,602.8959,602.9,878,15,602.898078
2026-02-19T22:54:00+00:00,602.9,602.9564,602.9,602.9564,219,5,602.913056
2026-02-19T22:55:00+00:00,602.8955,602.8955,602.8955,602.8955,90,11,602.8955
2026-02-19T22:57:00+00:00,602.89,602.89,602.89,602.89,65,8,602.89
2026-02-19T22:58:00+00:00,602.94,602.94,602.61,602.61,29387,520,602.666762
2026-02-19T22:59:00+00:00,602.61,602.8532,602.61,602.85,27334,54,602.619723
2026-02-19T23:00:00+00:00,602.83,602.98,602.7,602.7,33936,253,602.844593
2026-02-19T23:01:00+00:00,602.63,602.86,602.61,602.85,3831,36,602.735583
2026-02-19T23:02:00+00:00,602.65,602.67,602.63,602.63,1562,22,602.654983
2026-02-19T23:03:00+00:00,602.71,602.82,602.7,602.82,600,14,602.714915
2026-02-19T23:04:00+00:00,602.9,603,602.9,603,19248,94,602.986363
2026-02-19T23:05:00+00:00,603,603.12,603,603.01,8569,41,603.022116
2026-02-19T23:06:00+00:00,602.9999,603.01,602.99,602.99,1245,18,602.995728
2026-02-19T23:07:00+00:00,603.07,603.12,603.07,603.12,371,15,603.094172
2026-02-19T23:08:00+00:00,603.14,603.14,603.14,603.14,1144,12,603.14
2026-02-19T23:09:00+00:00,603.12,603.12,603.1,603.1,261,10,603.110526
2026-02-19T23:10:00+00:00,603.1,603.1,603,603,401,17,603.075057
2026-02-19T23:11:00+00:00,603.01,603.01,602.84,602.84,480,16,602.905146
2026-02-19T23:12:00+00:00,602.8,602.8,602.8,602.8,130,15,602.8
2026-02-19T23:14:00+00:00,603.06,603.11,603.04,603.04,1953,22,603.092371
2026-02-19T23:15:00+00:00,603.04,603.22,603.04,603.22,635,22,603.168571
2026-02-19T23:16:00+00:00,603.19,603.19,603.16,603.16,1770,11,603.187907
2026-02-19T23:17:00+00:00,603.15,603.4,603.15,603.32,3953,56,603.27696
2026-02-19T23:18:00+00:00,603.32,603.35,603.32,603.35,489,9,603.340182
2026-02-19T23:19:00+00:00,603.37,603.4,603.35,603.37,1591,22,603.376894
2026-02-19T23:20:00+00:00,603.28,603.35,603.28,603.35,1050,13,603.313851
2026-02-19T23:21:00+00:00,603.3,603.3,603.27,603.27,2161,13,603.298007
2026-02-19T23:22:00+00:00,603.3,603.3,603.3,603.3,457,8,603.3
2026-02-19T23:23:00+00:00,603.35,603.36,603.25,603.25,900,13,603.337157
2026-02-19T23:24:00+00:00,603.3,603.3,603.27,603.27,714,10,603.295714
2026-02-19T23:25:00+00:00,603.3,603.38,603.3,603.38,1088,23,603.337772
2026-02-19T23:26:00+00:00,603.46,603.546,603.46,603.53,2383,38,603.480643
2026-02-19T23:27:00+00:00,603.53,603.55,603.48,603.48,2028,15,603.523878
2026-02-19T23:28:00+00:00,603.4323,603.45,603.4323,603.45,573,17,603.448117
2026-02-19T23:29:00+00:00,603.48,603.48,603.36,603.36,680,10,603.461818
2026-02-19T23:30:00+00:00,603.41,603.46,603.41,603.46,552,13,603.43
2026-02-19T23:31:00+00:00,603.3962,603.5,603.3962,603.5,2359,19,603.494727
2026-02-19T23:32:00+00:00,603.4913,603.5017,603.4913,603.5017,146,6,603.498729
2026-02-19T23:33:00+00:00,603.55,603.55,603.5,603.55,1772,25,603.508834
2026-02-19T23:34:00+00:00,603.57,603.75,603.57,603.75,10875,74,603.688487
2026-02-19T23:35:00+00:00,603.7,603.8,603.7,603.8,2058,30,603.772746
2026-02-19T23:36:00+00:00,603.81,604.07,603.81,604.07,8359,96,603.949535
2026-02-19T23:37:00+00:00,604.04,604.05,603.8555,603.8593,6738,37,604.002812
2026-02-19T23:38:00+00:00,603.8996,603.8996,603.86,603.88,782,21,603.868725
2026-02-19T23:39:00+00:00,603.81,603.8526,603.8,603.8,858,17,603.826238
2026-02-19T23:40:00+00:00,603.8148,603.82,603.8148,603.82,725,13,603.816176
2026-02-19T23:41:00+00:00,603.8,603.8,603.7728,603.7728,321,9,603.789697
2026-02-19T23:42:00+00:00,603.79,603.79,603.79,603.79,246,9,603.79
2026-02-19T23:43:00+00:00,603.75,603.75,603.74,603.74,659,14,603.740741
2026-02-19T23:44:00+00:00,603.7208,603.75,603.7208,603.75,555,16,603.737022
2026-02-19T23:45:00+00:00,603.7,603.76,603.68,603.71,2841,21,603.712504
2026-02-19T23:46:00+00:00,603.7407,603.8,603.7209,603.8,354,8,603.753867
2026-02-19T23:47:00+00:00,603.89,603.89,603.88,603.89,3257,16,603.889007
2026-02-19T23:48:00+00:00,603.98,603.98,603.9132,603.9132,789,13,603.961886
2026-02-19T23:49:00+00:00,603.91,603.91,603.91,603.91,526,5,603.91
2026-02-19T23:50:00+00:00,603.87,603.87,603.87,603.87,821,9,603.87
2026-02-19T23:51:00+00:00,603.8,603.8,603.8,603.8,1121,16,603.8
2026-02-19T23:52:00+00:00,603.81,603.81,603.74,603.74,1206,19,603.780171
2026-02-19T23:53:00+00:00,603.58,603.58,603.58,603.58,244,14,603.58
2026-02-19T23:54:00+00:00,603.5945,603.68,603.5945,603.6357,912,13,603.6272
2026-02-19T23:55:00+00:00,603.6632,603.6958,603.62,603.6958,266,13,603.654613
2026-02-19T23:56:00+00:00,603.81,603.81,603.76,603.8,1623,17,603.800333
2026-02-19T23:57:00+00:00,603.81,603.82,603.78,603.78,345,16,603.806415
2026-02-19T23:58:00+00:00,603.78,603.82,603.76,603.8,6284,38,603.794369
2026-02-19T23:59:00+00:00,603.8,603.83,603.8,603.83,728,13,603.804545
2026-02-20T00:00:00+00:00,603.8499,603.8499,603.47,603.47,4788,46,603.638196
2026-02-20T00:01:00+00:00,603.6077,603.6077,603.6077,603.6077,114,9,603.6077
2026-02-20T00:02:00+00:00,603.8,604,603.8,603.96,7289,45,603.901236
2026-02-20T00:03:00+00:00,603.96,604,603.95,603.95,1621,20,603.961228
2026-02-20T00:04:00+00:00,603.89,603.89,603.89,603.89,806,15,603.89
2026-02-20T00:05:00+00:00,603.9,604.01,603.87,603.9415,3533,31,603.932375
2026-02-20T00:07:00+00:00,603.95,603.96,603.79,603.79,1506,15,603.901643
2026-02-20T00:08:00+00:00,603.8726,603.8726,603.8726,603.8726,124,8,603.8726
2026-02-20T00:09:00+00:00,603.779,603.87,603.7683,603.87,936,15,603.827178
2026-02-20T00:10:00+00:00,603.84,603.95,603.84,603.93,647,15,603.919643
2026-02-20T00:11:00+00:00,603.93,604.16,603.93,603.99,11500,75,604.04992
2026-02-20T00:12:00+00:00,604.05,604.12,604.05,604.12,537,21,604.073072
2026-02-20T00:13:00+00:00,604.12,604.13,604.0946,604.0946,2535,12,604.115784
2026-02-20T00:14:00+00:00,604.08,604.15,604.08,604.1243,870,26,604.137965
2026-02-20T00:15:00+00:00,604.08,604.15,604.08,604.119,346,8,604.103074
2026-02-20T00:16:00+00:00,604.11,604.15,604.01,604.0464,3440,28,604.108518
2026-02-20T00:17:00+00:00,603.93,603.96,603.93,603.96,623,13,603.935357
2026-02-20T00:19:00+00:00,603.7,603.7,603.64,603.69,1460,25,603.660884
2026-02-20T00:20:00+00:00,603.72,603.72,603.65,603.65,571,13,603.713636
2026-02-20T00:21:00+00:00,603.65,603.65,603.6,603.6,584,22,603.64442
2026-02-20T00:22:00+00:00,603.5601,603.6,603.41,603.44,6748,62,603.473351
2026-02-20T00:23:00+00:00,603.4408,603.6,603.4408,603.56,3397,19,603.527995
2026-02-20T00:24:00+00:00,603.75,603.8,603.5683,603.5683,6730,46,603.700634
2026-02-20T00:25:00+00:00,603.59,603.85,603.59,603.85,917,21,603.729301
2026-02-20T00:26:00+00:00,603.93,604.13,603.93,604.13,23938,120,604.010054
2026-02-20T00:27:00+00:00,604.15,604.23,604.1,604.21,4945,40,604.131744
2026-02-20T00:28:00+00:00,604.14,604.14,604.1,604.13,638,8,604.124365
2026-02-20T00:29:00+00:00,604.1,604.1,604.1,604.1,95,14,604.1
2026-02-20T00:30:00+00:00,604.17,604.3,604.17,604.261,676,34,604.23714
2026-02-20T00:31:00+00:00,604.24,604.29,604.23,604.28,3391,27,604.271098
2026-02-20T00:32:00+00:00,604.33,604.45,604.32,604.45,6533,58,604.390868
2026-02-20T00:33:00+00:00,604.46,604.63,604.46,604.56,22370,140,604.552053
2026-02-20T00:34:00+00:00,604.5,604.5,604.4911,604.4911,602,16,604.492552
2026-02-20T00:35:00+00:00,604.47,604.47,604.3124,604.3124,866,12,604.393781
2026-02-20T00:36:00+00:00,604.3077,604.3077,604.21,604.21,1944,24,604.241805
2026-02-20T00:37:00+00:00,604.18,604.18,604.15,604.15,1258,17,604.175
2026-02-20T00:38:00+00:00,604.15,604.31,604.15,604.26,692,12,604.274615
2026-02-20T00:39:00+00:00,604.25,604.25,604.25,604.25,314,15,604.25
2026-02-20T00:40:00+00:00,604.2,604.25,604.2,604.25,611,15,604.217857
2026-02-20T00:41:00+00:00,604.28,604.2972,604.28,604.2972,441,7,604.2843
2026-02-20T00:43:00+00:00,604.29,604.29,604.29,604.29,878,15,604.29
2026-02-20T00:45:00+00:00,604.33,604.33,604.33,604.33,339,7,604.33
2026-02-20T00:46:00+00:00,604.4,604.5,604.4,604.5,4211,27,604.425557
2026-02-20T00:47:00+00:00,604.49,604.52,604.48,604.5,4787,42,604.50089
2026-02-20T00:48:00+00:00,604.49,604.49,604.4101,604.4101,2912,19,604.4886
2026-02-20T00:49:00+00:00,604.41,604.44,604.38,604.44,1302,14,604.420583
2026-02-20T00:50:00+00:00,604.4154,604.4416,604.41,604.43,6775,35,604.430193
2026-02-20T00:51:00+00:00,604.44,604.51,604.41,604.41,5969,46,604.463152
2026-02-20T00:52:00+00:00,604.44,604.44,604.4,604.4201,2659,21,604.416957
2026-02-20T00:53:00+00:00,604.43,604.43,604.37,604.39,2991,18,604.395268
2026-02-20T00:54:00+00:00,604.4,604.46,604.4,604.4226,2589,15,604.440976
2026-02-20T00:55:00+00:00,604.49,604.5,604.45,604.45,5162,29,604.48474
2026-02-20T00:56:00+00:00,604.43,604.46,604.3738,604.3738,1763,16,604.433139
2026-02-20T00:57:00+00:00,604.41,604.42,604.36,604.42,2724,19,604.399959
2026-02-20T00:58:00+00:00,604.3851,604.42,604.3851,604.4,593,10,604.40553
2026-02-20T00:59:00+00:00,604.39,604.4,604.35,604.35,1223,24,604.374091
